id,age,sex,systolic_bp,cholesterol,smoker,diabetic,bmi,resting_hr,chest_pain_type,exercise_angina,risk_latent,label
P0000,76,F,137.0,140.0,False,False,20.0,66.0,3,False,0.05736505966103437,0
P0001,39,F,119.0,200.0,True,False,23.5,72.0,1,False,0.00831015706681543,0
P0002,31,M,95.0,227.0,False,False,34.6,71.0,0,False,0.002906635822241028,0
P0003,65,M,151.0,240.0,False,False,31.1,66.0,1,False,0.07853547087684853,0
P0004,50,F,112.0,249.0,False,False,21.8,70.0,3,False,0.016517756116549515,0
P0005,55,F,135.0,177.0,False,False,25.1,50.0,2,False,0.016825744824381324,0
P0006,34,F,128.0,214.0,False,False,30.2,81.0,0,False,0.0030767107212031474,0
P0007,50,M,151.0,215.0,False,False,26.0,74.0,1,False,0.024634556384980428,0
P0008,65,F,138.0,208.0,False,False,25.7,85.0,2,False,0.03899562703022788,0
P0009,49,M,122.0,222.0,True,False,21.6,64.0,0,False,0.019871710357696245,0
P0010,75,F,135.0,223.0,False,False,29.1,66.0,3,False,0.10744636889963109,0
P0011,73,M,159.0,188.0,False,False,29.7,70.0,1,False,0.09991762688663726,0
P0012,68,F,135.0,276.0,False,False,23.1,70.0,3,False,0.08343690359187092,0
P0013,79,F,148.0,279.0,False,False,17.6,81.0,1,False,0.08711398740961084,0
P0014,69,M,153.0,176.0,False,False,34.8,78.0,0,False,0.05667552977921515,0
P0015,39,F,144.0,227.0,False,False,23.5,68.0,1,False,0.006902291655981907,0
P0016,77,M,164.0,199.0,False,True,28.6,71.0,3,False,0.3939854376413386,0
P0017,65,F,117.0,246.0,True,False,22.8,74.0,1,False,0.04772309840361487,0
P0018,35,M,104.0,178.0,True,False,23.3,85.0,1,False,0.007254963557587101,0
P0019,46,F,133.0,169.0,False,False,31.0,71.0,3,False,0.015370356734120773,0
P0020,39,M,132.0,224.0,False,False,25.3,70.0,3,False,0.01919765695673746,0
P0021,83,F,154.0,206.0,False,True,30.2,70.0,3,False,0.33935421618017136,0
P0022,70,M,162.0,228.0,False,False,30.3,71.0,1,False,0.11282175101183098,0
P0023,80,F,172.0,208.0,False,False,24.4,89.0,0,False,0.0806174497244568,0
P0024,45,M,126.0,171.0,False,True,28.0,79.0,1,False,0.019290799142684452,0
P0025,64,F,141.0,127.0,False,False,30.2,66.0,1,False,0.019617568679624033,0
P0026,63,F,155.0,251.0,False,False,32.3,51.0,1,False,0.05124697700793011,0
P0027,71,F,156.0,231.0,False,False,25.5,96.0,0,False,0.04359237386563905,0
P0028,36,F,106.0,130.0,False,False,26.8,64.0,0,False,0.0012823468196875504,0
P0029,58,F,115.0,176.0,False,False,22.5,72.0,3,False,0.018247078110837076,0
P0030,65,F,112.0,208.0,False,True,30.2,71.0,0,False,0.027991310944600244,0
P0031,75,F,145.0,266.0,False,False,27.2,79.0,1,False,0.080169753398801,0
P0032,66,M,130.0,242.0,False,False,20.8,76.0,3,False,0.08464114917835694,0
P0033,54,M,122.0,240.0,False,False,25.2,68.0,0,False,0.01503963075606059,0
P0034,55,M,109.0,226.0,False,False,26.2,86.0,1,True,0.03381751032297863,0
P0035,48,F,128.0,209.0,False,False,24.1,63.0,3,False,0.016320411477903002,0
P0036,38,F,99.0,210.0,True,False,23.5,87.0,2,False,0.008348463711668672,0
P0037,45,M,109.0,223.0,False,False,19.4,80.0,1,False,0.007532177701592492,0
P0038,38,M,117.0,185.0,False,False,27.2,87.0,0,False,0.004079737435680114,0
P0039,42,F,132.0,135.0,False,False,24.9,87.0,3,False,0.008140286646194279,0
P0040,76,M,146.0,234.0,False,False,30.9,75.0,2,False,0.16877029375824554,0
P0041,58,F,145.0,207.0,False,False,26.3,87.0,0,False,0.01498724945727717,0
P0042,35,M,120.0,152.0,False,False,30.5,67.0,2,False,0.006506167912447572,0
P0043,53,F,125.0,203.0,True,False,21.4,86.0,1,False,0.02048197218624494,0
P0044,44,F,121.0,248.0,False,False,28.5,69.0,0,False,0.005773811172376129,0
P0045,66,F,125.0,185.0,False,False,30.0,80.0,0,False,0.016640479306240543,0
P0046,75,F,145.0,209.0,False,False,30.1,81.0,1,False,0.06351854745721827,1
P0047,30,M,136.0,186.0,False,False,25.6,78.0,2,False,0.006812850091061825,0
P0048,55,M,144.0,182.0,True,False,22.8,93.0,3,False,0.09183254479595769,0
P0049,54,M,143.0,187.0,True,False,34.3,79.0,3,False,0.12010983328224187,0
P0050,84,M,156.0,216.0,False,False,25.9,51.0,2,False,0.23338368142569782,0
P0051,50,F,133.0,241.0,False,False,21.5,55.0,2,False,0.0159388755143312,0
P0052,39,F,125.0,210.0,False,False,25.9,65.0,3,False,0.009537897581543506,0
P0053,40,F,107.0,236.0,False,False,28.3,59.0,1,False,0.004655670853758182,0
P0054,56,F,116.0,205.0,False,False,23.7,55.0,0,False,0.0072535854931208765,0
P0055,62,F,122.0,218.0,True,False,28.7,71.0,2,False,0.06188353923066485,0
P0056,47,M,142.0,154.0,False,True,30.9,74.0,1,False,0.028392378738107647,0
P0057,53,F,122.0,226.0,False,False,26.7,73.0,0,False,0.008326667947195282,0
P0058,66,M,149.0,247.0,False,False,31.4,84.0,2,False,0.11470753362365552,0
P0059,46,F,110.0,211.0,True,False,26.4,72.0,1,False,0.012547630778454718,0
P0060,83,F,145.0,259.0,False,False,24.8,68.0,3,False,0.2031212712226904,0
P0061,41,F,109.0,248.0,False,False,34.0,62.0,2,True,0.018416437502918902,0
P0062,81,F,159.0,228.0,False,False,29.7,71.0,1,False,0.12092399185982387,1
P0063,78,F,176.0,238.0,True,False,27.4,70.0,3,False,0.41164121314266483,0
P0064,82,M,130.0,291.0,False,False,18.8,71.0,1,False,0.1312785096087072,0
P0065,73,F,148.0,193.0,False,False,20.7,67.0,3,False,0.08023443806495124,0
P0066,59,F,123.0,228.0,True,False,19.4,62.0,1,False,0.030298654884870185,0
P0067,63,F,148.0,279.0,False,False,26.7,78.0,3,False,0.08836092573003063,0
P0068,41,F,150.0,186.0,True,False,26.8,69.0,1,False,0.016503987414897378,0
P0069,48,M,121.0,275.0,False,False,28.7,66.0,1,False,0.019946802195561854,0
P0070,55,M,148.0,218.0,False,False,31.5,66.0,0,False,0.026770258631789796,0
P0071,82,F,147.0,201.0,False,False,20.1,52.0,1,False,0.07041354339439117,0
P0072,73,M,133.0,241.0,False,False,20.9,63.0,3,False,0.12790949442863978,0
P0073,60,F,130.0,243.0,False,False,22.8,78.0,1,False,0.020299675464742276,0
P0074,62,F,155.0,201.0,False,False,28.9,73.0,0,True,0.046059409359354576,0
P0075,53,F,138.0,221.0,True,False,28.2,80.0,0,False,0.024800283576832803,0
P0076,53,M,131.0,201.0,False,True,22.2,87.0,2,True,0.09056262348840216,1
P0077,79,M,145.0,204.0,True,False,23.7,52.0,1,False,0.20187858704799155,0
P0078,30,M,109.0,218.0,False,True,28.6,66.0,0,False,0.0055334083711275255,0
P0079,47,F,138.0,245.0,False,True,27.2,70.0,0,False,0.017681944753162784,0
P0080,52,F,164.0,185.0,False,True,31.4,76.0,2,True,0.1108991271647503,0
P0081,68,M,138.0,214.0,False,False,23.2,73.0,2,False,0.07182969118911232,0
P0082,52,F,115.0,283.0,False,False,26.3,77.0,0,True,0.01935910941168016,0
P0083,47,M,134.0,231.0,False,False,22.4,67.0,2,True,0.04248550031507563,0
P0084,34,M,129.0,155.0,False,False,32.0,65.0,0,False,0.0038257209042833525,0
P0085,44,M,143.0,236.0,False,False,31.5,85.0,3,False,0.039814593646141865,0
P0086,35,F,103.0,166.0,False,False,29.1,86.0,3,False,0.0042941857277730205,1
P0087,68,M,145.0,167.0,True,False,31.3,85.0,1,False,0.11670917891442298,0
P0088,53,F,119.0,211.0,False,False,33.1,92.0,3,False,0.024601599484168138,0
P0089,42,F,146.0,257.0,False,False,33.4,67.0,3,False,0.02759414755525292,0
P0090,59,M,147.0,248.0,False,False,34.5,83.0,2,True,0.15488155364688896,0
P0091,57,F,131.0,264.0,True,False,23.7,71.0,1,False,0.04407279101531898,0
P0092,56,M,115.0,243.0,True,False,23.4,70.0,3,False,0.08557250619780812,1
P0093,61,M,166.0,205.0,False,False,32.7,101.0,2,False,0.09513795198433717,0
P0094,64,F,136.0,236.0,False,True,25.1,55.0,1,False,0.05725001240547858,0
P0095,40,F,138.0,269.0,True,False,19.0,74.0,0,True,0.023249091137872064,0
P0096,38,M,94.0,278.0,False,False,24.9,76.0,3,False,0.012324639350246561,0
P0097,70,M,144.0,166.0,False,False,31.5,82.0,0,False,0.044140343238712104,0
P0098,83,F,162.0,236.0,True,False,24.9,82.0,0,False,0.18968573468100053,1
P0099,60,M,103.0,193.0,False,False,30.4,62.0,2,False,0.02698758160429397,0
P0100,54,M,137.0,247.0,False,False,28.3,77.0,3,True,0.11628688909206197,0
P0101,64,F,158.0,242.0,False,True,21.0,74.0,0,False,0.05486773885866274,0
P0102,31,M,96.0,205.0,False,False,29.0,92.0,2,False,0.004412573431857972,0
P0103,50,F,128.0,188.0,True,False,27.0,81.0,3,False,0.03860403578320973,1
P0104,49,M,124.0,227.0,True,False,24.5,79.0,3,False,0.06369332525048017,0
P0105,53,F,122.0,211.0,False,False,20.6,70.0,1,False,0.009035581438396332,0
P0106,70,F,132.0,226.0,False,False,34.2,79.0,0,False,0.033998172131943755,0
P0107,57,M,121.0,210.0,False,False,22.9,65.0,0,False,0.013747103094282056,0
P0108,77,M,134.0,235.0,False,False,17.8,74.0,2,True,0.1936856402881269,0
P0109,55,M,132.0,215.0,True,False,30.7,88.0,3,False,0.11194970939890873,0
P0110,31,F,120.0,233.0,False,False,25.0,61.0,1,False,0.003035444057075352,0
P0111,67,M,120.0,123.0,False,False,32.3,61.0,3,True,0.10181865605516785,0
P0112,73,F,135.0,213.0,False,False,26.5,65.0,0,False,0.03129625023184179,0
P0113,61,F,138.0,200.0,False,False,26.9,73.0,0,False,0.015416207982371252,0
P0114,81,F,167.0,236.0,False,False,29.6,66.0,2,False,0.19118038725071027,0
P0115,52,F,150.0,243.0,False,False,27.5,78.0,1,False,0.020526530089257016,0
P0116,73,F,143.0,229.0,False,True,27.5,77.0,2,False,0.14803857998553807,0
P0117,30,F,120.0,207.0,False,False,31.8,72.0,2,False,0.004240048279413821,0
P0118,32,F,98.0,188.0,False,False,22.9,71.0,2,False,0.0022022250775260823,0
P0119,73,F,145.0,247.0,False,True,29.5,64.0,3,False,0.23072063596632578,0
P0120,78,M,118.0,287.0,False,False,28.3,75.0,2,False,0.1503303176720973,0
P0121,58,M,129.0,230.0,False,False,19.8,65.0,0,False,0.017400925624180618,0
P0122,71,F,123.0,229.0,False,True,32.0,73.0,2,False,0.1081282801786004,0
P0123,47,F,117.0,226.0,False,False,30.4,72.0,3,False,0.01677388076871667,0
P0124,69,M,143.0,201.0,True,False,33.9,62.0,2,False,0.20353692388504097,1
P0125,57,F,137.0,188.0,False,False,25.0,63.0,3,False,0.029583338875902566,0
P0126,46,M,147.0,182.0,False,True,22.1,109.0,0,False,0.01872384086419903,0
P0127,35,M,124.0,212.0,False,False,40.8,86.0,0,False,0.006854261208246587,0
P0128,39,M,116.0,233.0,False,False,22.4,79.0,0,False,0.004870087517434226,0
P0129,79,M,157.0,234.0,False,False,23.4,68.0,2,False,0.1916530445698328,0
P0130,54,M,107.0,202.0,False,True,29.5,77.0,1,False,0.02945560382623238,0
P0131,84,M,176.0,247.0,False,False,25.1,81.0,3,True,0.5930528842415331,0
P0132,49,F,97.0,200.0,False,False,28.9,75.0,3,False,0.010858056401677984,0
P0133,33,F,130.0,217.0,False,False,21.0,64.0,0,False,0.002317496107180197,0
P0134,44,F,134.0,190.0,False,False,19.4,70.0,2,False,0.007954331637115192,0
P0135,49,F,120.0,224.0,True,False,24.5,77.0,2,False,0.025978339994789525,0
P0136,68,M,134.0,187.0,False,False,30.0,65.0,3,False,0.09536111291919754,0
P0137,70,M,119.0,164.0,True,False,26.9,83.0,3,False,0.1390892422487463,0
P0138,70,F,143.0,238.0,True,False,32.4,54.0,0,False,0.08856527265479242,0
P0139,47,F,136.0,259.0,False,False,25.8,58.0,2,False,0.017845725344865723,0
P0140,50,M,122.0,196.0,False,False,27.8,79.0,0,False,0.009855688743712355,0
P0141,61,M,143.0,128.0,False,False,22.9,65.0,2,True,0.061511723306036936,0
P0142,63,M,148.0,256.0,True,False,20.4,68.0,0,False,0.0816150447966051,0
P0143,52,F,119.0,217.0,False,False,21.5,53.0,1,False,0.008660324314873553,0
P0144,40,F,137.0,288.0,False,False,23.4,76.0,1,False,0.009308978476904676,0
P0145,72,M,150.0,271.0,True,True,35.8,78.0,2,False,0.5273203423408263,1
P0146,58,F,136.0,197.0,False,False,21.2,94.0,1,False,0.01446399719086625,0
P0147,82,F,161.0,223.0,False,True,23.0,55.0,0,False,0.14557287414806902,0
P0148,82,M,154.0,242.0,True,False,33.2,66.0,0,False,0.2935872844867191,0
P0149,78,M,136.0,202.0,False,False,24.0,92.0,0,False,0.059703855568434765,0
P0150,82,M,139.0,279.0,False,False,29.6,73.0,3,False,0.31692516390189557,1
P0151,64,F,142.0,240.0,False,False,16.8,73.0,0,False,0.01839486935713474,0
P0152,46,F,144.0,183.0,False,False,22.6,79.0,3,False,0.01583359876757116,0
P0153,38,M,125.0,255.0,False,False,29.3,68.0,1,False,0.010817400434203683,0
P0154,35,F,115.0,161.0,False,False,19.4,72.0,1,False,0.0019406960124179334,0
P0155,82,F,150.0,246.0,True,False,27.8,71.0,2,False,0.29126041349868903,0
P0156,44,F,109.0,165.0,False,False,27.1,86.0,1,True,0.007698307877797791,0
P0157,31,F,136.0,239.0,False,False,24.5,71.0,0,False,0.0029015774745853613,0
P0158,32,F,140.0,177.0,True,False,25.8,76.0,2,False,0.010622007435433754,0
P0159,46,M,152.0,191.0,True,False,30.2,73.0,1,False,0.04297166840678904,0
P0160,83,M,163.0,236.0,True,False,26.8,68.0,3,True,0.7047559807119254,0
P0161,45,F,117.0,222.0,True,False,31.4,65.0,2,False,0.02327121686291596,0
P0162,35,M,119.0,219.0,False,False,30.5,74.0,2,False,0.00950899316141989,0
P0163,66,M,133.0,222.0,False,True,33.9,74.0,1,False,0.11422362983243832,1
P0164,33,F,126.0,170.0,False,False,25.1,76.0,1,True,0.005278031127682967,0
P0165,56,M,153.0,206.0,True,False,27.7,84.0,2,True,0.1947564575762945,0
P0166,34,F,90.0,205.0,False,False,22.2,69.0,1,False,0.0016541400289899998,0
P0167,35,M,127.0,216.0,False,False,29.8,76.0,3,False,0.014973470115800021,0
P0168,49,M,133.0,190.0,False,False,23.8,75.0,1,True,0.027272683461256775,1
P0169,30,M,122.0,229.0,False,False,29.8,64.0,0,False,0.0038805262641795255,0
P0170,76,F,155.0,206.0,False,False,25.7,89.0,1,False,0.0693202639480381,0
P0171,63,M,124.0,194.0,True,False,26.2,83.0,3,False,0.11993199098132303,0
P0172,81,F,162.0,190.0,False,False,28.0,65.0,3,False,0.1826428351543582,0
P0173,57,F,139.0,180.0,False,False,23.6,72.0,3,True,0.05427440573122721,0
P0174,60,M,133.0,179.0,False,False,24.0,59.0,1,False,0.024591488978902367,0
P0175,63,M,138.0,193.0,False,False,24.2,72.0,0,False,0.02488640404638995,0
P0176,55,F,126.0,263.0,True,False,24.5,70.0,2,False,0.05107976852683918,0
P0177,61,F,138.0,216.0,False,False,29.8,80.0,1,False,0.025667010210378337,0
P0178,61,F,145.0,277.0,True,False,25.2,59.0,1,False,0.0779836094215687,0
P0179,78,F,127.0,159.0,False,True,24.4,62.0,2,False,0.09530193488906658,0
P0180,46,F,122.0,237.0,False,False,30.6,62.0,2,True,0.02629221838214719,0
P0181,80,F,141.0,246.0,False,True,30.1,60.0,2,False,0.2314797800859182,0
P0182,39,F,123.0,147.0,True,False,26.2,67.0,1,False,0.007068534347241905,0
P0183,40,M,119.0,213.0,False,True,38.0,77.0,1,False,0.02198148769367765,0
P0184,44,M,100.0,214.0,True,False,22.2,80.0,0,False,0.0097393086017442,0
P0185,81,M,155.0,237.0,False,True,34.2,65.0,1,True,0.5092547463781417,1
P0186,43,F,143.0,186.0,False,False,28.1,74.0,1,False,0.007806191536527101,0
P0187,73,M,133.0,235.0,True,False,31.4,73.0,3,False,0.30334667338740257,0
P0188,62,M,139.0,251.0,True,False,25.6,61.0,1,False,0.10339612789738906,0
P0189,65,F,128.0,181.0,False,False,32.2,84.0,1,False,0.02414017509285057,0
P0190,34,M,123.0,190.0,False,False,22.5,59.0,3,False,0.009103813865965774,0
P0191,66,F,136.0,238.0,False,False,30.5,86.0,1,False,0.038834438610364924,0
P0192,33,M,136.0,172.0,False,False,28.1,59.0,3,False,0.011390335189157014,0
P0193,60,M,127.0,245.0,False,True,31.0,79.0,2,True,0.19463100358065105,0
P0194,73,M,153.0,220.0,True,False,24.8,63.0,1,False,0.18779842582933642,1
P0195,80,M,137.0,254.0,False,True,28.8,71.0,2,False,0.31971210797246646,0
P0196,84,F,142.0,118.0,True,False,23.4,70.0,2,False,0.14151798102551913,1
P0197,42,F,126.0,241.0,False,False,25.3,68.0,3,False,0.013927430089100782,0
P0198,72,M,119.0,236.0,False,False,25.8,79.0,3,False,0.10774936678158693,0
P0199,62,M,124.0,239.0,False,False,24.2,77.0,2,True,0.0906169441327657,0
P0200,70,F,154.0,194.0,False,False,24.7,86.0,0,False,0.03125818828828668,0
P0201,74,F,134.0,278.0,False,False,21.4,65.0,1,True,0.10933992986341591,0
P0202,56,M,113.0,186.0,False,False,26.4,53.0,1,False,0.015462317816715233,0
P0203,37,F,100.0,238.0,False,False,33.5,83.0,0,False,0.0028691801135824284,0
P0204,73,M,145.0,217.0,False,False,39.7,72.0,2,False,0.16310967484546582,0
P0205,63,M,129.0,149.0,False,False,23.2,72.0,0,True,0.03177052527824055,0
P0206,37,F,123.0,228.0,True,False,23.5,84.0,0,False,0.006625128100723661,0
P0207,52,M,90.0,213.0,True,False,28.4,75.0,2,False,0.031111271841321616,0
P0208,37,F,110.0,179.0,True,False,29.2,63.0,0,False,0.004654332758136849,0
P0209,72,M,131.0,214.0,False,False,21.1,80.0,0,False,0.03859868972184277,0
P0210,48,F,139.0,306.0,False,False,16.6,83.0,1,False,0.01425861825806655,0
P0211,33,F,132.0,180.0,False,False,28.1,60.0,3,True,0.01372444108468656,0
P0212,45,F,136.0,243.0,False,False,33.0,72.0,0,False,0.008932631561669863,0
P0213,63,F,107.0,210.0,False,False,33.3,62.0,3,False,0.03589323131712768,0
P0214,62,M,149.0,222.0,False,False,26.9,87.0,1,False,0.051313113749881796,0
P0215,77,F,163.0,255.0,False,False,33.2,89.0,3,False,0.23592087080091273,0
P0216,49,M,117.0,243.0,False,False,26.2,81.0,0,False,0.010715655003731556,0
P0217,64,M,142.0,230.0,False,False,20.7,77.0,2,False,0.06211181834740366,1
P0218,81,F,154.0,188.0,True,False,26.4,75.0,3,False,0.2874257601976236,0
P0219,47,M,121.0,219.0,False,False,31.6,61.0,1,False,0.014830812883224243,0
P0220,31,M,120.0,211.0,False,False,27.5,77.0,0,False,0.0033180958513203745,0
P0221,66,F,127.0,196.0,False,False,24.4,84.0,2,False,0.030407281538105912,0
P0222,63,F,139.0,178.0,False,False,27.2,79.0,2,False,0.031153633564680178,0
P0223,48,F,126.0,252.0,False,False,28.5,77.0,0,False,0.008217032869637415,0
P0224,60,M,139.0,174.0,False,False,27.6,72.0,3,False,0.05816064832015725,0
P0225,66,M,167.0,241.0,False,False,28.3,60.0,1,False,0.09994606322036108,0
P0226,75,M,128.0,194.0,False,False,28.7,75.0,2,False,0.09338887084093127,1
P0227,37,F,139.0,228.0,False,False,31.8,101.0,1,False,0.007310905612204724,0
P0228,55,M,134.0,144.0,True,False,27.6,62.0,1,False,0.03684955563095569,0
P0229,45,F,127.0,239.0,True,False,26.3,64.0,2,False,0.02634870860018945,0
P0230,48,M,97.0,199.0,False,False,28.6,61.0,0,False,0.005799076371826542,0
P0231,31,M,133.0,169.0,True,False,29.6,70.0,3,True,0.04269382316202498,0
P0232,53,F,114.0,281.0,False,False,19.1,87.0,2,False,0.01595940586121093,0
P0233,34,F,106.0,203.0,False,False,32.1,74.0,3,False,0.0058372420351409104,0
P0234,80,F,143.0,230.0,False,False,34.6,87.0,1,False,0.10308356002087582,0
P0235,60,M,131.0,220.0,False,False,27.1,71.0,3,True,0.12147614608187748,0
P0236,53,F,118.0,238.0,False,False,29.7,70.0,2,False,0.018340288811728573,0
P0237,42,M,146.0,188.0,False,False,23.7,91.0,3,False,0.02263921920770975,0
P0238,81,F,158.0,279.0,False,False,30.0,86.0,0,True,0.20905485954561864,0
P0239,58,F,170.0,185.0,False,False,23.2,62.0,3,False,0.051879694305644555,0
P0240,84,M,139.0,205.0,False,False,27.8,82.0,3,False,0.23883300264491306,0
P0241,66,F,127.0,224.0,False,False,29.6,67.0,1,False,0.02994755707725351,0
P0242,84,F,179.0,299.0,False,True,23.4,62.0,1,False,0.3786231970780858,0
P0243,78,F,127.0,205.0,False,False,22.0,77.0,2,False,0.060336618813242426,0
P0244,70,M,146.0,232.0,False,False,25.4,61.0,1,False,0.07749777288238252,0
P0245,49,F,125.0,195.0,True,True,24.4,77.0,3,False,0.06441305038998675,0
P0246,72,F,139.0,193.0,True,False,25.5,84.0,2,False,0.11275325570446108,1
P0247,47,M,107.0,219.0,False,False,22.0,67.0,3,False,0.01728228833843075,0
P0248,77,M,136.0,273.0,True,False,31.8,82.0,3,False,0.42572067449076756,1
P0249,47,F,157.0,163.0,True,False,25.8,62.0,1,False,0.022911122507215106,0
P0250,34,F,123.0,213.0,False,False,29.0,76.0,1,False,0.0038072683609994017,0
P0251,36,F,144.0,223.0,False,True,19.7,75.0,3,False,0.020354502584492142,0
P0252,54,M,123.0,204.0,False,False,24.3,75.0,3,False,0.033866610667617265,0
P0253,66,M,142.0,206.0,False,True,34.1,72.0,1,False,0.12038260706422951,0
P0254,45,F,137.0,181.0,False,False,23.0,80.0,3,False,0.013094220997886543,0
P0255,75,F,155.0,206.0,False,False,28.3,77.0,1,False,0.0694239308496472,0
P0256,44,F,124.0,188.0,False,False,36.4,64.0,1,True,0.01510543708524127,0
P0257,56,M,135.0,246.0,False,False,27.0,81.0,3,False,0.06344046024966923,0
P0258,48,M,145.0,188.0,False,False,33.7,88.0,0,True,0.03012859650600302,0
P0259,60,M,141.0,225.0,True,False,22.9,63.0,3,False,0.14381492771936774,0
P0260,40,M,98.0,250.0,False,False,24.8,49.0,2,False,0.008947226753525985,1
P0261,82,M,140.0,189.0,False,False,26.7,80.0,3,False,0.20021876508627906,0
P0262,80,M,132.0,191.0,True,False,24.5,84.0,1,False,0.16611214879114883,0
P0263,68,F,115.0,219.0,False,False,28.5,63.0,2,False,0.03621439845109765,0
P0264,59,F,148.0,195.0,False,False,19.0,92.0,0,False,0.012437578371935527,0
P0265,70,F,158.0,253.0,False,False,22.2,66.0,0,False,0.04388100291611718,0
P0266,55,M,122.0,240.0,True,False,32.8,87.0,1,False,0.06024880824353928,0
P0267,78,F,142.0,233.0,False,False,27.5,84.0,1,True,0.1418197864581197,0
P0268,33,F,150.0,245.0,False,False,29.2,86.0,3,False,0.014212579489552823,0
P0269,41,M,122.0,197.0,False,False,34.5,73.0,3,False,0.020206917501887103,0
P0270,55,F,132.0,216.0,False,False,19.1,90.0,3,False,0.02374903175744169,0
P0271,65,M,144.0,258.0,True,False,16.0,67.0,0,False,0.07635239920781965,0
P0272,68,M,160.0,303.0,True,False,34.9,82.0,3,False,0.4678944833135537,0
P0273,69,M,149.0,204.0,False,False,20.8,81.0,0,False,0.04157781614278452,0
P0274,81,F,165.0,212.0,False,False,27.3,74.0,0,False,0.08392042508179769,1
P0275,76,M,131.0,276.0,False,False,19.6,76.0,2,False,0.1254939589918283,1
P0276,80,F,161.0,226.0,False,False,16.0,68.0,0,False,0.0586282404380528,0
P0277,48,F,128.0,160.0,True,False,26.6,85.0,0,True,0.020372603707145675,0
P0278,68,F,129.0,234.0,False,True,29.0,63.0,2,True,0.17712057962218536,0
P0279,67,F,149.0,218.0,False,False,23.2,76.0,0,False,0.02639188777921319,0
P0280,63,M,176.0,222.0,False,False,16.0,49.0,3,False,0.11950615324578616,0
P0281,63,M,141.0,250.0,True,False,28.3,84.0,0,True,0.1623211058144401,0
P0282,58,M,151.0,197.0,True,False,35.4,70.0,0,False,0.0709074250285459,0
P0283,52,F,128.0,193.0,False,False,19.1,74.0,3,True,0.03188052942786666,0
P0284,37,M,99.0,181.0,False,False,30.3,70.0,0,False,0.0030000490903365653,0
P0285,35,M,129.0,249.0,True,False,28.1,75.0,1,False,0.019947880173890594,0
P0286,30,M,103.0,215.0,True,False,18.6,71.0,2,False,0.0080998725584981,0
P0287,49,F,126.0,120.0,True,False,31.4,87.0,1,False,0.013594441174942132,0
P0288,50,F,160.0,245.0,False,False,27.7,83.0,1,False,0.022243385354678083,0
P0289,82,F,122.0,239.0,False,False,26.2,64.0,2,False,0.09434488245374356,0
P0290,43,M,131.0,110.0,False,False,32.6,52.0,2,False,0.010745587216245883,0
P0291,41,F,133.0,265.0,False,True,27.0,87.0,2,False,0.025086456179662958,0
P0292,32,F,124.0,269.0,False,False,32.6,74.0,2,False,0.007720322272836131,0
P0293,36,F,113.0,210.0,True,False,38.7,68.0,3,False,0.020956807335727405,1
P0294,66,F,143.0,241.0,True,False,27.9,80.0,1,True,0.1610977465200647,0
P0295,50,F,116.0,198.0,False,False,28.9,51.0,1,False,0.00801645503288005,0
P0296,64,M,162.0,200.0,True,False,24.4,67.0,3,True,0.3605334140960143,0
P0297,35,F,124.0,246.0,False,False,33.8,79.0,2,True,0.01647267105921617,0
P0298,71,F,163.0,205.0,False,False,21.4,64.0,0,False,0.03726050171917728,0
P0299,44,F,122.0,193.0,False,False,24.7,58.0,1,False,0.00537311776150705,0
P0300,33,M,133.0,221.0,False,False,26.7,68.0,0,False,0.004936051818031083,0
P0301,80,F,159.0,174.0,False,False,26.2,72.0,3,True,0.25417887277596996,0
P0302,49,F,113.0,195.0,False,False,23.8,71.0,1,False,0.00600599775675971,0
P0303,47,F,152.0,238.0,False,False,30.9,84.0,2,False,0.024290784568184367,0
P0304,32,F,160.0,141.0,True,False,25.6,78.0,3,True,0.03401660670887159,0
P0305,62,M,154.0,210.0,True,False,17.3,69.0,1,False,0.08351240134174853,0
P0306,45,F,107.0,193.0,False,False,32.2,77.0,0,False,0.003859433500172054,0
P0307,43,M,114.0,180.0,True,False,34.8,76.0,3,False,0.038690220815255257,0
P0308,67,M,107.0,173.0,True,False,24.5,86.0,2,False,0.06991638497190146,1
P0309,66,M,128.0,183.0,True,False,33.1,80.0,2,False,0.12366504218956695,0
P0310,38,M,150.0,180.0,False,False,24.6,95.0,3,False,0.018609207436457113,0
P0311,37,F,138.0,175.0,False,False,22.5,78.0,2,False,0.005613115368447998,0
P0312,43,M,112.0,197.0,True,False,22.9,70.0,0,False,0.010466179754824148,0
P0313,73,M,125.0,204.0,False,False,34.4,71.0,2,False,0.0979326662805549,0
P0314,44,M,117.0,171.0,False,False,33.2,60.0,0,False,0.006403780678647854,0
P0315,53,F,148.0,222.0,False,False,30.1,64.0,3,True,0.07780224352367657,0
P0316,37,F,130.0,213.0,False,False,22.4,74.0,3,False,0.00859752883925372,0
P0317,40,M,147.0,156.0,False,False,30.6,82.0,3,False,0.020596925276230634,0
P0318,66,M,130.0,252.0,True,False,22.1,66.0,3,True,0.3142153154169019,0
P0319,71,F,145.0,211.0,False,False,29.8,63.0,2,False,0.07026227532905083,0
P0320,77,M,136.0,240.0,False,False,24.5,79.0,2,False,0.1340213102824207,0
P0321,60,M,133.0,188.0,False,True,24.4,63.0,3,False,0.10023447761338837,1
P0322,45,F,123.0,171.0,True,False,24.6,94.0,2,True,0.031119834045856373,0
P0323,54,M,128.0,212.0,False,False,17.7,87.0,3,False,0.03209713336079272,0
P0324,38,F,132.0,170.0,True,False,19.1,77.0,2,False,0.010353308704721394,0
P0325,43,F,119.0,241.0,False,False,26.3,71.0,0,False,0.004738185457073569,0
P0326,56,F,132.0,286.0,True,False,22.2,73.0,2,False,0.06329687156554432,0
P0327,72,M,130.0,245.0,False,False,30.7,77.0,3,False,0.15366882349726485,1
P0328,44,F,145.0,208.0,False,False,32.3,68.0,3,False,0.021945672985504098,0
P0329,50,M,156.0,195.0,False,False,20.0,68.0,3,False,0.04013309364488907,0
P0330,32,F,149.0,174.0,False,False,20.2,62.0,3,True,0.013250538655076078,0
P0331,32,M,132.0,195.0,False,False,26.2,85.0,0,False,0.003843743058070621,0
P0332,60,F,136.0,185.0,False,False,35.7,65.0,2,False,0.03288500166795886,0
P0333,83,M,136.0,202.0,False,True,23.4,72.0,0,False,0.1464440286449575,1
P0334,61,M,121.0,260.0,True,False,29.2,92.0,1,True,0.15700271319609643,0
P0335,31,F,118.0,190.0,False,False,19.5,73.0,0,True,0.002723163053685041,0
P0336,61,F,119.0,241.0,False,False,22.9,64.0,0,False,0.012277660167433905,0
P0337,36,F,134.0,240.0,False,True,29.1,78.0,2,False,0.017476757151922123,0
P0338,68,F,145.0,222.0,False,False,25.8,62.0,3,False,0.07876973107924874,0
P0339,55,F,113.0,225.0,False,False,29.2,74.0,0,False,0.00864520448904192,0
P0340,49,M,127.0,216.0,False,False,27.5,74.0,3,False,0.031628040355309445,0
P0341,41,M,138.0,178.0,False,False,26.9,65.0,0,False,0.006733587240884979,0
P0342,39,F,141.0,197.0,False,False,26.8,74.0,0,False,0.004322442438132365,0
P0343,48,M,133.0,233.0,False,False,33.1,71.0,1,False,0.021808527974528112,0
P0344,54,M,143.0,166.0,False,False,26.6,73.0,0,False,0.01461908231651921,0
P0345,61,F,142.0,197.0,False,False,30.8,68.0,2,False,0.036060829106823226,0
P0346,67,F,134.0,231.0,False,False,25.7,70.0,3,False,0.06495121037797749,0
P0347,82,F,152.0,242.0,True,True,27.3,63.0,0,False,0.2939306490469368,0
P0348,31,M,121.0,204.0,False,False,22.0,103.0,3,False,0.007911575749496563,0
P0349,81,F,141.0,211.0,False,False,17.4,100.0,3,False,0.11108661037633154,0
P0350,60,M,141.0,229.0,False,False,25.0,72.0,2,True,0.1033692934122673,0
P0351,34,F,121.0,214.0,False,False,27.3,79.0,0,False,0.0024908017508004777,0
P0352,77,M,153.0,223.0,False,False,24.7,71.0,3,False,0.2119414167208271,0
P0353,76,M,147.0,222.0,False,False,29.3,61.0,2,True,0.269011479142489,1
P0354,45,F,128.0,220.0,False,False,23.2,69.0,0,False,0.004996402531621374,0
P0355,39,M,97.0,185.0,True,False,20.6,104.0,1,True,0.015646362625219738,0
P0356,46,F,164.0,244.0,False,False,20.2,74.0,1,False,0.014949465071860468,0
P0357,74,F,156.0,264.0,False,False,29.8,53.0,0,False,0.0703413019043865,0
P0358,80,M,155.0,215.0,True,True,23.1,74.0,3,False,0.5787578309678684,1
P0359,46,M,155.0,128.0,False,False,26.8,72.0,1,True,0.0255217024936809,0
P0360,56,F,149.0,171.0,True,False,20.4,91.0,1,False,0.030123664305164864,0
P0361,69,M,149.0,243.0,False,False,22.9,74.0,2,False,0.10549347710184823,0
P0362,39,F,134.0,172.0,False,True,26.6,64.0,0,False,0.006529300463550782,0
P0363,69,F,167.0,234.0,False,True,31.6,62.0,2,False,0.19658469878328122,0
P0364,42,M,130.0,163.0,False,False,21.9,61.0,0,False,0.0049099431385174995,0
P0365,76,M,126.0,240.0,False,False,20.2,76.0,1,False,0.07056959487862731,0
P0366,37,F,101.0,209.0,False,False,26.6,56.0,2,False,0.003965512789669263,0
P0367,83,F,171.0,224.0,False,False,27.4,63.0,1,False,0.15068182501847827,0
P0368,69,M,139.0,204.0,True,False,24.7,72.0,0,False,0.08342371201765236,0
P0369,45,M,136.0,222.0,True,True,32.1,86.0,0,False,0.05387421908483573,0
P0370,74,F,144.0,180.0,False,False,18.9,75.0,2,False,0.05061652279976147,0
P0371,64,F,146.0,227.0,False,False,22.9,70.0,0,False,0.022026379087930495,1
P0372,56,F,122.0,204.0,False,False,26.7,73.0,1,False,0.012343436101290219,0
P0373,70,M,150.0,275.0,False,True,22.7,81.0,1,False,0.17792593990393585,0
P0374,67,M,107.0,146.0,True,False,28.2,76.0,3,False,0.0921160582454518,0
P0375,34,F,117.0,210.0,False,False,26.7,83.0,1,False,0.0031765806121970604,0
P0376,42,F,106.0,182.0,False,False,25.5,82.0,0,False,0.0024139154206881427,0
P0377,66,M,141.0,234.0,False,True,37.5,71.0,1,False,0.14890083163224271,0
P0378,52,F,133.0,243.0,True,False,22.2,63.0,2,False,0.040647584105143644,0
P0379,47,M,127.0,160.0,True,False,25.5,73.0,2,True,0.05818348299115788,0
P0380,59,M,138.0,262.0,False,False,28.8,78.0,0,False,0.03428589132352658,0
P0381,38,F,97.0,189.0,True,False,23.3,71.0,0,True,0.007071761788226776,0
P0382,84,M,135.0,215.0,False,True,27.2,61.0,3,True,0.5543587460915425,1
P0383,60,F,134.0,189.0,True,False,30.5,73.0,2,False,0.05961569990968497,0
P0384,30,M,124.0,122.0,False,False,27.6,70.0,1,False,0.002846759822222678,0
P0385,55,F,138.0,194.0,False,False,30.0,72.0,0,False,0.011300825613100963,0
P0386,70,M,117.0,173.0,False,False,24.9,74.0,0,False,0.02376875116138299,0
P0387,61,M,157.0,156.0,False,False,25.5,84.0,3,False,0.07030822397225407,0
P0388,58,F,134.0,252.0,False,True,35.3,61.0,1,True,0.10912608749084095,0
P0389,65,M,164.0,254.0,False,True,28.8,54.0,0,False,0.13277404525569103,0
P0390,31,M,129.0,212.0,False,False,31.0,81.0,0,False,0.004414272485246609,0
P0391,57,M,152.0,179.0,True,False,23.7,74.0,2,False,0.08543640596406148,0
P0392,52,M,140.0,250.0,False,False,25.7,64.0,3,False,0.054269226206826345,0
P0393,79,M,141.0,224.0,True,True,31.9,62.0,3,False,0.5795046211121168,0
P0394,62,F,134.0,205.0,True,False,27.1,64.0,3,False,0.09206510461500172,0
P0395,39,M,137.0,176.0,False,False,21.1,84.0,0,False,0.004882215592294097,0
P0396,76,F,141.0,224.0,True,False,22.6,68.0,0,False,0.08347597597624141,0
P0397,45,F,99.0,199.0,False,False,26.4,69.0,1,False,0.004107078852234854,0
P0398,84,M,151.0,211.0,False,False,33.7,57.0,1,False,0.19312773929594038,1
P0399,49,M,133.0,197.0,False,False,29.1,69.0,2,False,0.02375497485459327,0
P0400,76,M,153.0,242.0,False,False,23.2,74.0,3,False,0.21410372822944745,0
P0401,72,M,154.0,237.0,False,False,26.6,84.0,3,False,0.1907588628812289,0
P0402,69,F,172.0,264.0,False,False,27.0,75.0,0,False,0.0637449594957633,0
P0403,65,M,117.0,205.0,False,False,19.1,62.0,1,True,0.049743827628044406,0
P0404,31,F,145.0,159.0,True,False,26.5,54.0,3,False,0.014318778187176365,0
P0405,41,M,136.0,211.0,False,False,25.1,70.0,0,False,0.007495255063276776,0
P0406,78,F,147.0,163.0,False,False,26.0,82.0,2,False,0.07412228889870613,0
P0407,70,F,122.0,185.0,False,False,22.7,61.0,2,False,0.03164476274125925,0
P0408,55,F,134.0,248.0,False,False,28.4,74.0,3,False,0.03900485692603355,0
P0409,72,M,152.0,275.0,False,False,24.8,60.0,0,False,0.08684317231477336,0
P0410,66,F,139.0,232.0,False,False,23.2,94.0,1,False,0.03221386871136811,0
P0411,72,M,136.0,224.0,True,False,35.0,66.0,2,False,0.24279784727247555,0
P0412,59,F,127.0,202.0,False,False,25.0,60.0,1,False,0.015080356173550873,0
P0413,34,F,109.0,207.0,False,False,20.6,75.0,0,False,0.0015709021847591176,0
P0414,52,F,141.0,212.0,False,False,32.2,59.0,3,False,0.03338931810361271,0
P0415,41,F,133.0,217.0,False,False,33.1,59.0,1,False,0.008106710142619981,0
P0416,77,F,161.0,193.0,False,False,22.4,72.0,1,False,0.06782184549748319,0
P0417,79,M,136.0,228.0,False,False,24.7,85.0,1,False,0.10318516694346327,0
P0418,41,M,145.0,157.0,False,False,25.9,67.0,1,False,0.009244259204766882,0
P0419,78,M,184.0,165.0,True,True,24.9,66.0,1,False,0.44308875929183894,0
P0420,48,M,130.0,248.0,True,False,20.5,53.0,1,False,0.034516945055507085,0
P0421,41,F,142.0,310.0,False,False,21.8,81.0,2,False,0.01666147315270484,0
P0422,44,F,107.0,214.0,False,False,36.3,70.0,0,False,0.00459913834182528,0
P0423,60,M,172.0,215.0,True,False,23.9,65.0,1,False,0.12372987038838018,0
P0424,43,F,135.0,254.0,False,False,24.3,85.0,2,False,0.012870788944649674,0
P0425,44,M,145.0,161.0,False,False,30.1,58.0,3,False,0.02554770137024659,0
P0426,68,F,145.0,162.0,False,True,24.5,86.0,3,False,0.1036458227452739,0
P0427,52,M,108.0,236.0,True,False,23.6,63.0,2,False,0.041898874152369245,0
P0428,68,F,148.0,267.0,False,False,21.9,83.0,2,False,0.06898021467056266,0
P0429,31,F,119.0,223.0,True,False,29.0,63.0,1,False,0.006984949652425292,0
P0430,35,M,135.0,197.0,False,False,27.6,62.0,0,False,0.005105458143806464,0
P0431,45,F,115.0,270.0,False,False,31.7,77.0,0,False,0.00684259954867229,0
P0432,49,F,90.0,191.0,False,False,24.7,72.0,1,False,0.004031152248507726,0
P0433,44,F,125.0,203.0,False,False,32.5,80.0,0,False,0.0053762081245311635,0
P0434,51,M,126.0,194.0,False,False,27.3,66.0,2,True,0.043044055385216586,0
P0435,80,M,159.0,180.0,False,False,24.3,69.0,0,False,0.08794469800113755,0
P0436,55,F,120.0,204.0,False,False,28.7,75.0,3,False,0.02387741278592054,0
P0437,62,F,132.0,210.0,False,True,28.2,58.0,3,False,0.08597941182137954,0
P0438,73,M,138.0,215.0,False,False,27.9,67.0,0,True,0.10779922783067403,0
P0439,39,M,112.0,225.0,False,False,23.3,66.0,1,False,0.006391995723657267,0
P0440,37,M,131.0,184.0,True,False,26.2,71.0,2,False,0.020888329154955067,0
P0441,53,M,128.0,255.0,False,False,25.8,67.0,2,False,0.03468818023618411,0
P0442,64,F,131.0,205.0,False,False,29.9,67.0,2,False,0.0361077000217893,0
P0443,57,F,124.0,176.0,True,False,32.4,73.0,2,False,0.04185226541485492,0
P0444,36,F,117.0,165.0,False,False,30.4,52.0,1,False,0.003049312554088063,0
P0445,65,F,162.0,201.0,False,False,30.0,66.0,1,False,0.04591718011472849,0
P0446,80,F,145.0,215.0,False,False,31.6,67.0,0,False,0.06461202254237701,0
P0447,59,M,126.0,228.0,True,False,32.2,74.0,2,False,0.10182663089058848,0
P0448,79,M,149.0,226.0,False,False,24.9,65.0,2,False,0.17018206558464927,0
P0449,53,F,144.0,250.0,True,False,21.4,64.0,3,False,0.07241918341468069,0
P0450,52,F,131.0,194.0,True,False,27.4,54.0,2,False,0.034302282953201896,0
P0451,47,M,135.0,232.0,False,False,33.5,73.0,2,False,0.030093749903070104,0
P0452,58,F,144.0,216.0,True,False,21.0,60.0,3,False,0.0793228281917748,0
P0453,61,F,148.0,237.0,False,False,22.4,80.0,2,True,0.07624448606034051,0
P0454,35,F,125.0,179.0,False,False,26.9,76.0,2,True,0.00912099022928301,1
P0455,83,M,129.0,254.0,False,True,24.2,58.0,3,True,0.547989175078256,1
P0456,38,F,121.0,170.0,True,False,31.1,68.0,1,False,0.008613977280897599,0
P0457,60,M,126.0,291.0,False,False,27.0,83.0,2,False,0.06423699888407033,0
P0458,47,M,139.0,155.0,False,False,30.5,69.0,1,False,0.013494391604130141,0
P0459,78,F,166.0,205.0,True,False,28.0,79.0,1,False,0.1947607512516057,0
P0460,65,F,134.0,213.0,False,False,28.5,66.0,3,False,0.05608635246240206,0
P0461,30,F,129.0,255.0,False,False,21.4,76.0,0,False,0.002437593770333916,0
P0462,31,M,124.0,263.0,True,False,23.8,46.0,1,False,0.013766154586991666,0
P0463,41,F,121.0,172.0,False,False,17.8,78.0,1,False,0.0031669513559649015,0
P0464,75,F,166.0,262.0,False,False,23.2,53.0,2,False,0.13553797941199722,0
P0465,77,F,139.0,171.0,False,False,24.2,62.0,2,False,0.06129885586636985,0
P0466,60,F,126.0,278.0,False,False,28.2,69.0,3,False,0.053016531966579516,0
P0467,61,M,124.0,198.0,False,False,21.5,81.0,3,False,0.04550125316659061,0
P0468,65,M,155.0,236.0,True,False,34.7,63.0,0,False,0.1338339170406241,1
P0469,56,M,123.0,221.0,False,True,32.2,75.0,0,False,0.03713405462379594,0
P0470,58,F,124.0,183.0,False,True,22.1,68.0,1,False,0.0220532432059009,0
P0471,50,F,146.0,212.0,True,False,18.4,91.0,0,False,0.01707060818062577,0
P0472,56,F,139.0,227.0,False,True,19.5,56.0,3,False,0.05995524546938348,0
P0473,46,M,125.0,168.0,True,False,28.1,94.0,1,False,0.021966583590063614,0
P0474,71,F,130.0,232.0,True,False,21.1,71.0,0,False,0.0529350252116191,0
P0475,67,F,144.0,212.0,False,False,25.4,76.0,1,False,0.0348944065674237,0
P0476,69,M,126.0,191.0,True,False,29.2,73.0,1,True,0.17667368276289785,1
P0477,50,F,133.0,247.0,False,False,28.5,67.0,1,False,0.01430471153923276,0
P0478,51,M,133.0,186.0,False,False,30.0,71.0,3,False,0.03576990886607932,0
P0479,53,F,131.0,154.0,False,False,20.9,67.0,1,False,0.007572555343139903,0
P0480,63,F,141.0,240.0,False,True,29.7,83.0,1,False,0.0679732059502221,0
P0481,72,M,152.0,185.0,False,False,29.8,84.0,2,False,0.11471265687962114,0
P0482,30,M,91.0,206.0,False,False,31.0,67.0,1,False,0.0028495986229264956,0
P0483,82,F,134.0,189.0,False,False,30.4,78.0,0,False,0.05034866715960404,0
P0484,77,F,157.0,266.0,False,False,21.0,78.0,0,True,0.12606384071444102,0
P0485,84,F,148.0,230.0,False,False,16.0,67.0,2,False,0.1146031444135239,0
P0486,45,M,140.0,233.0,False,False,28.4,87.0,0,False,0.012772168522917468,0
P0487,56,F,159.0,192.0,False,False,33.9,75.0,2,False,0.0383464010538803,0
P0488,60,F,159.0,180.0,True,False,23.3,65.0,0,True,0.07148147923626351,0
P0489,37,M,137.0,202.0,False,False,23.2,75.0,0,False,0.005397211979952307,0
P0490,49,F,131.0,231.0,False,False,27.5,55.0,3,False,0.022963713037396305,0
P0491,31,F,136.0,224.0,True,False,31.6,66.0,3,False,0.02081953149499372,0
P0492,36,M,113.0,259.0,False,False,30.0,89.0,1,False,0.008026285550527907,0
P0493,57,F,137.0,224.0,False,False,21.4,71.0,1,False,0.016531142530330455,0
P0494,47,F,125.0,264.0,False,False,24.8,73.0,2,False,0.014503853596309553,0
P0495,34,M,114.0,165.0,True,False,24.2,68.0,2,False,0.010892223835507687,0
P0496,75,F,134.0,208.0,False,False,29.3,63.0,1,False,0.0512613364630181,0
P0497,36,M,128.0,170.0,False,False,30.1,64.0,2,False,0.008847635776636763,0
P0498,42,M,102.0,213.0,False,False,22.8,97.0,1,False,0.005844988487980012,0
P0499,42,M,96.0,174.0,True,False,23.1,68.0,1,False,0.009322470439946365,0
P0500,58,F,150.0,231.0,False,False,28.0,71.0,0,False,0.019745091465519525,0
P0501,84,F,157.0,224.0,False,False,25.8,66.0,2,False,0.1631053545420873,0
P0502,31,M,131.0,211.0,True,False,23.3,64.0,0,False,0.007961934467998852,0
P0503,38,M,121.0,216.0,False,False,24.7,67.0,0,False,0.004907137336021537,0
P0504,48,F,136.0,199.0,True,False,29.5,80.0,1,False,0.0228552091836666,0
P0505,36,F,114.0,242.0,False,False,25.2,52.0,0,True,0.00556927257800412,0
P0506,30,M,110.0,276.0,True,False,26.2,64.0,1,False,0.011739392120234176,0
P0507,80,F,131.0,241.0,False,False,23.3,83.0,3,False,0.12451529404491546,1
P0508,42,M,152.0,214.0,True,False,29.4,61.0,1,False,0.03770401616409951,0
P0509,64,F,124.0,235.0,False,True,24.4,85.0,0,False,0.03266236712940911,0
P0510,78,M,170.0,201.0,False,False,27.9,68.0,3,False,0.2750685979042589,0
P0511,70,M,124.0,190.0,False,True,27.5,53.0,2,True,0.2119708012303473,0
P0512,32,M,106.0,181.0,False,False,25.0,77.0,0,False,0.0021292031739051144,0
P0513,49,F,148.0,227.0,True,True,23.0,52.0,3,True,0.196048320052629,1
P0514,32,F,128.0,215.0,False,False,26.4,72.0,2,False,0.004934085882652584,0
P0515,81,M,155.0,278.0,False,False,25.4,76.0,1,False,0.2004259491305452,0
P0516,55,M,119.0,164.0,False,False,31.3,75.0,0,False,0.01166356799670085,0
P0517,83,F,164.0,243.0,True,True,23.0,68.0,0,False,0.3260631136318797,0
P0518,52,M,118.0,261.0,False,False,30.2,83.0,1,True,0.045702179062751785,0
P0519,60,M,141.0,173.0,False,False,32.2,64.0,3,False,0.06757024171624906,0
P0520,33,F,109.0,234.0,False,False,29.7,84.0,3,False,0.006582187135340763,0
P0521,84,F,174.0,244.0,False,False,30.1,63.0,2,False,0.2541540802755253,0
P0522,77,M,152.0,222.0,False,False,25.7,71.0,3,False,0.2147342893954814,0
P0523,57,M,154.0,160.0,False,False,28.8,63.0,2,False,0.04368833004933041,0
P0524,42,M,123.0,183.0,True,False,28.9,61.0,3,False,0.03681128764298106,0
P0525,54,M,122.0,241.0,False,False,19.6,63.0,0,False,0.012829332615233537,0
P0526,54,F,112.0,247.0,False,True,25.4,55.0,0,False,0.016176420900575555,0
P0527,73,F,148.0,215.0,False,False,21.4,70.0,2,False,0.06668335805941589,1
P0528,46,M,145.0,201.0,True,False,18.5,56.0,2,False,0.04028239247967203,0
P0529,65,M,147.0,262.0,False,True,26.8,75.0,3,False,0.2424778186161364,0
P0530,74,M,134.0,227.0,False,False,28.9,86.0,0,True,0.1157664684780251,0
P0531,41,F,118.0,228.0,True,False,23.9,70.0,0,False,0.007810233744485173,0
P0532,72,M,137.0,246.0,True,False,29.2,84.0,0,False,0.13224786825267837,0
P0533,58,F,134.0,151.0,True,False,29.5,62.0,0,False,0.021410796222703046,0
P0534,41,F,135.0,315.0,False,False,27.3,70.0,0,False,0.008932448079454718,0
P0535,30,M,120.0,224.0,True,False,24.7,67.0,3,False,0.01959898802354642,0
P0536,78,M,157.0,290.0,True,True,30.0,76.0,2,False,0.6321797002364943,0
P0537,78,F,153.0,198.0,True,False,34.9,91.0,3,False,0.31321199151813517,0
P0538,33,F,105.0,149.0,False,False,17.7,69.0,0,False,0.000891757530004108,0
P0539,59,F,137.0,235.0,False,False,30.2,63.0,2,False,0.03595899698863455,0
P0540,35,F,106.0,149.0,False,False,21.8,83.0,1,False,0.0016560650523208163,0
P0541,32,M,121.0,181.0,True,False,30.8,91.0,0,False,0.0073409242755830785,0
P0542,33,M,126.0,202.0,False,False,31.4,75.0,0,False,0.0044982564356965075,0
P0543,81,F,137.0,179.0,False,False,25.2,84.0,2,False,0.07901249992787793,0
P0544,57,M,115.0,217.0,True,False,25.0,80.0,1,False,0.042086420985113185,0
P0545,84,M,154.0,224.0,False,False,26.9,79.0,1,False,0.18184583558350867,1
P0546,72,M,141.0,211.0,False,False,27.5,54.0,1,False,0.07596782016711692,0
P0547,70,F,159.0,201.0,False,False,26.1,88.0,2,False,0.07212291836405114,0
P0548,35,F,111.0,251.0,False,False,32.1,96.0,1,False,0.0045668588920517,0
P0549,53,M,156.0,214.0,False,False,19.9,64.0,1,False,0.026942732247789022,0
P0550,60,M,146.0,223.0,False,False,24.7,66.0,1,False,0.04094091622098145,0
P0551,62,M,115.0,231.0,True,False,29.9,72.0,0,False,0.05010005268095638,0
P0552,37,M,112.0,181.0,False,False,25.7,70.0,3,False,0.009348386690488273,0
P0553,30,F,119.0,194.0,False,False,25.9,73.0,1,False,0.002271382100525167,0
P0554,63,M,136.0,296.0,False,False,25.6,78.0,0,False,0.04595271772322634,0
P0555,35,M,108.0,183.0,False,False,31.3,71.0,1,False,0.00457782624545791,0
P0556,81,F,122.0,279.0,False,False,30.1,83.0,2,False,0.12112702639029992,0
P0557,48,F,124.0,149.0,False,False,21.0,63.0,3,True,0.01946517384820564,0
P0558,81,F,145.0,231.0,False,False,21.9,79.0,0,False,0.05771768680392449,0
P0559,52,F,140.0,194.0,False,False,25.1,80.0,3,True,0.04709310989773057,0
P0560,53,M,135.0,222.0,True,False,26.4,77.0,1,False,0.05052635983574724,0
P0561,71,M,127.0,242.0,False,False,31.1,78.0,1,False,0.07334920710523432,0
P0562,79,F,159.0,242.0,False,True,26.5,76.0,1,False,0.19608602717434742,0
P0563,39,F,115.0,180.0,True,False,32.9,67.0,2,False,0.012869613978420786,0
P0564,54,F,147.0,176.0,True,False,35.4,69.0,2,False,0.05665788087541788,0
P0565,36,M,115.0,225.0,False,True,23.1,59.0,0,False,0.007799645072233685,0
P0566,68,M,133.0,261.0,True,False,27.8,88.0,3,False,0.2511711549057879,0
P0567,68,F,141.0,240.0,False,False,31.6,59.0,0,False,0.035241175109304135,1
P0568,37,F,134.0,255.0,False,False,28.1,76.0,2,False,0.009851708646586863,0
P0569,78,F,151.0,198.0,False,False,28.6,65.0,0,False,0.05372451190250546,0
P0570,83,F,130.0,192.0,False,False,25.0,78.0,1,False,0.06128185714326539,0
P0571,78,F,161.0,208.0,False,False,24.5,68.0,2,False,0.11503138517626789,0
P0572,74,F,134.0,255.0,False,False,28.0,96.0,2,False,0.08444172952733425,0
P0573,70,M,121.0,207.0,False,False,31.5,78.0,3,False,0.09955575568931685,0
P0574,45,F,102.0,171.0,False,False,22.3,77.0,2,True,0.009151307500070455,0
P0575,84,M,170.0,253.0,False,False,26.4,68.0,1,False,0.2586559358741344,0
P0576,46,M,150.0,189.0,False,True,35.1,66.0,2,False,0.059836170073801605,0
P0577,58,F,127.0,189.0,False,False,26.2,62.0,3,False,0.02713748132631586,0
P0578,68,M,136.0,173.0,False,True,27.8,80.0,2,True,0.2135016889497934,1
P0579,72,M,142.0,237.0,False,False,30.6,62.0,2,False,0.1318818873904859,1
P0580,47,M,109.0,213.0,False,False,29.6,77.0,0,False,0.0077514390702251666,0
P0581,52,F,133.0,244.0,False,False,26.3,67.0,2,False,0.02112411349183147,0
P0582,56,M,142.0,200.0,False,False,26.1,74.0,0,False,0.019567814248279608,0
P0583,49,F,123.0,217.0,False,False,33.9,62.0,2,False,0.015789793672404885,1
P0584,47,M,132.0,251.0,True,True,22.8,72.0,3,True,0.2353079249978561,0
P0585,80,F,142.0,190.0,False,False,21.0,60.0,0,False,0.03968724990493401,0
P0586,43,F,141.0,274.0,False,False,32.1,72.0,3,True,0.055378235709662764,0
P0587,53,F,118.0,219.0,False,False,32.7,67.0,3,False,0.02507450740587258,0
P0588,38,M,116.0,200.0,False,False,22.7,64.0,0,False,0.003829064035429235,0
P0589,71,F,164.0,238.0,True,False,31.0,67.0,2,False,0.22491544369524377,0
P0590,74,M,147.0,230.0,False,False,28.7,76.0,2,False,0.14450813753797562,0
P0591,57,M,170.0,203.0,False,False,26.6,57.0,3,False,0.09447371327871554,0
P0592,33,F,131.0,210.0,True,False,27.6,66.0,2,False,0.012292220266089176,0
P0593,36,F,139.0,233.0,False,False,35.5,45.0,2,False,0.011115645688873192,0
P0594,43,F,136.0,267.0,False,False,30.5,88.0,2,True,0.0330872323601343,0
P0595,36,M,110.0,247.0,False,False,29.8,82.0,0,False,0.0050325343295063805,0
P0596,42,F,139.0,256.0,False,False,29.5,77.0,0,False,0.007660323486554091,0
P0597,58,F,120.0,243.0,False,False,24.5,76.0,2,True,0.044082118588671115,0
P0598,62,M,113.0,220.0,False,False,25.8,70.0,0,True,0.036679824913575576,0
P0599,68,F,147.0,185.0,False,False,26.5,84.0,0,False,0.024503738537485775,0
P0600,81,F,164.0,217.0,False,False,23.2,68.0,0,False,0.07530606756475629,0
P0601,70,M,161.0,198.0,False,False,29.6,66.0,1,False,0.09139188953439842,0
P0602,56,F,140.0,239.0,False,False,32.4,66.0,3,False,0.04837560209507947,0
P0603,48,M,128.0,130.0,False,False,26.8,83.0,1,False,0.009024256804799123,0
P0604,77,M,144.0,210.0,True,False,23.5,73.0,3,False,0.31433811162539593,0
P0605,30,F,126.0,222.0,False,False,23.6,80.0,0,True,0.00406944791971244,0
P0606,70,M,157.0,233.0,False,False,34.4,77.0,0,False,0.08654890083775675,0
P0607,59,F,136.0,228.0,True,False,24.6,93.0,3,False,0.08567588945631556,0
P0608,57,M,144.0,227.0,False,False,21.7,57.0,1,False,0.031093712080598614,0
P0609,40,M,141.0,161.0,True,False,20.5,64.0,0,False,0.01114060925195233,0
P0610,45,F,145.0,257.0,False,False,25.1,66.0,2,False,0.017900920877873414,0
P0611,47,M,146.0,241.0,False,False,32.7,76.0,3,False,0.05247951376345925,0
P0612,32,F,132.0,248.0,False,True,32.8,74.0,2,False,0.015593847819093417,0
P0613,61,F,163.0,225.0,False,False,29.9,73.0,2,True,0.1113237701693843,0
P0614,61,F,123.0,204.0,False,False,23.9,73.0,3,False,0.031155693621415844,0
P0615,51,F,156.0,243.0,False,False,30.9,69.0,2,True,0.06525307113133162,0
P0616,79,F,149.0,203.0,False,False,26.3,77.0,2,False,0.10071725516059299,0
P0617,55,M,110.0,177.0,False,False,30.0,76.0,1,False,0.01445492017172835,0
P0618,33,M,122.0,140.0,False,False,37.0,89.0,3,False,0.009552748496469875,0
P0619,32,M,124.0,175.0,False,False,26.2,77.0,0,False,0.0029543438994972587,0
P0620,50,F,110.0,205.0,False,False,21.1,78.0,1,False,0.005969107000616398,0
P0621,40,F,124.0,155.0,False,False,35.8,65.0,2,False,0.006911563105987248,0
P0622,77,M,113.0,162.0,False,False,26.5,74.0,3,False,0.08878268296791084,0
P0623,76,F,171.0,200.0,False,False,26.5,64.0,2,False,0.12177336900989215,0
P0624,83,M,146.0,259.0,False,False,19.9,80.0,1,False,0.15383874459506985,0
P0625,58,F,135.0,203.0,False,False,30.7,88.0,1,False,0.019478607119137573,0
P0626,56,F,148.0,222.0,False,False,32.0,80.0,0,True,0.03579229377567832,0
P0627,78,F,147.0,184.0,False,False,28.5,76.0,0,False,0.04617452422460742,0
P0628,64,M,120.0,221.0,False,False,32.2,65.0,1,False,0.04006125318699266,0
P0629,77,F,117.0,240.0,False,False,25.5,70.0,0,False,0.03307647193403514,0
P0630,40,F,134.0,161.0,False,False,33.4,79.0,0,False,0.0039371692429709185,0
P0631,40,F,136.0,188.0,False,False,30.8,77.0,0,False,0.004466851654375407,0
P0632,33,F,113.0,190.0,False,True,35.3,61.0,2,False,0.009107075184205738,0
P0633,51,M,101.0,223.0,False,False,19.8,65.0,1,True,0.018796642217070603,0
P0634,73,F,149.0,198.0,False,False,21.7,49.0,2,False,0.06222240583283833,0
P0635,58,M,135.0,154.0,False,False,31.4,76.0,3,False,0.047680975770129634,0
P0636,60,M,145.0,195.0,False,False,29.1,78.0,3,False,0.0755749565150036,0
P0637,35,M,109.0,254.0,False,False,23.3,61.0,2,False,0.0079545400175851,0
P0638,37,F,91.0,251.0,False,False,27.8,75.0,1,False,0.0031235818815368065,0
P0639,34,F,112.0,184.0,True,False,31.6,64.0,0,False,0.004495892338296111,0
P0640,50,F,142.0,181.0,False,False,32.5,65.0,0,True,0.017948604707943554,0
P0641,76,M,161.0,186.0,False,True,28.6,86.0,2,False,0.27447440246323135,1
P0642,70,F,137.0,204.0,True,False,27.9,79.0,1,False,0.08026160243519916,0
P0643,75,F,137.0,226.0,False,False,29.6,60.0,3,False,0.113167119466096,0
P0644,46,M,100.0,236.0,False,False,27.2,66.0,3,False,0.018695898240510607,0
P0645,51,M,148.0,269.0,True,False,36.0,77.0,2,False,0.1323248692403502,0
P0646,82,F,142.0,216.0,False,False,25.5,84.0,3,False,0.15255511386148046,0
P0647,68,F,130.0,279.0,False,False,27.5,67.0,1,True,0.08767148903980578,0
P0648,67,F,127.0,254.0,False,False,26.6,73.0,2,False,0.04817906599244718,0
P0649,58,M,129.0,204.0,False,False,34.4,76.0,0,False,0.02293326302114825,0
P0650,35,F,127.0,155.0,True,False,25.0,67.0,1,True,0.012256573980383453,0
P0651,71,M,137.0,216.0,True,False,31.4,64.0,2,False,0.20588192777258016,0
P0652,50,F,150.0,266.0,False,False,27.2,72.0,0,False,0.014806260936829437,0
P0653,47,M,138.0,203.0,False,False,25.4,61.0,0,False,0.010705202599370257,0
P0654,69,M,147.0,279.0,False,False,18.0,89.0,3,True,0.257522322133718,1
P0655,56,M,153.0,175.0,False,False,27.1,74.0,0,False,0.02121833044573104,0
P0656,39,F,105.0,270.0,False,False,35.0,60.0,1,False,0.006343302348477782,0
P0657,79,M,149.0,206.0,True,True,24.3,60.0,1,False,0.36174505405315943,0
P0658,51,M,142.0,179.0,False,False,16.0,76.0,2,False,0.019241179921209176,0
P0659,74,M,157.0,203.0,False,False,28.7,78.0,1,False,0.1068066725749142,0
P0660,52,M,125.0,191.0,False,False,22.0,59.0,2,False,0.01909260327776116,0
P0661,47,F,110.0,155.0,False,False,19.3,68.0,3,False,0.007049508276301032,0
P0662,74,F,117.0,189.0,False,False,25.0,75.0,2,False,0.039647624170352704,0
P0663,78,M,154.0,141.0,False,False,21.3,81.0,2,False,0.1021810908573953,0
P0664,47,F,127.0,252.0,False,True,32.0,82.0,1,False,0.024529023879244567,0
P0665,51,F,128.0,232.0,False,False,28.2,71.0,1,False,0.012652536960110369,0
P0666,60,M,139.0,195.0,False,False,30.0,49.0,1,False,0.03571395489772428,0
P0667,67,M,139.0,190.0,False,False,24.4,68.0,3,False,0.08654596966357937,0
P0668,57,M,127.0,262.0,False,False,26.7,73.0,2,False,0.04578055505830952,0
P0669,69,M,153.0,182.0,False,False,24.7,66.0,3,False,0.11515006690489304,0
P0670,75,F,125.0,253.0,False,False,28.3,77.0,2,False,0.07614307395029665,0
P0671,52,F,114.0,258.0,False,False,17.0,70.0,3,False,0.01757473340972538,0
P0672,76,F,126.0,247.0,True,True,26.9,59.0,1,False,0.2068347207402631,0
P0673,75,M,140.0,221.0,False,False,31.7,50.0,2,False,0.14003917676518468,1
P0674,83,F,159.0,248.0,False,True,34.7,62.0,3,False,0.45314314751624196,1
P0675,55,M,122.0,208.0,False,False,30.8,63.0,0,False,0.015516987031460415,0
P0676,76,F,148.0,260.0,False,False,27.7,76.0,2,False,0.1193387481667329,1
P0677,82,M,163.0,201.0,False,False,19.3,77.0,2,False,0.18767338389162136,0
P0678,81,M,175.0,289.0,True,False,27.7,81.0,3,False,0.6489412701654169,0
P0679,81,F,161.0,252.0,False,False,18.2,62.0,1,False,0.10545161514336164,1
P0680,51,M,123.0,207.0,False,False,22.9,82.0,1,False,0.01398747455328543,0
P0681,79,F,125.0,264.0,False,True,26.0,71.0,3,False,0.23095522572520955,0
P0682,54,M,95.0,250.0,True,False,25.7,61.0,2,False,0.043661639122589725,0
P0683,79,M,139.0,212.0,True,False,31.0,79.0,0,False,0.17172800932830268,0
P0684,74,F,146.0,183.0,False,False,25.7,80.0,1,False,0.046484752161059295,0
P0685,38,M,116.0,162.0,False,False,21.3,84.0,2,False,0.005925559088250468,0
P0686,37,M,151.0,182.0,True,False,24.8,62.0,3,True,0.07728218493688277,0
P0687,65,M,120.0,209.0,False,False,23.5,59.0,3,False,0.06051260161761964,0
P0688,43,F,117.0,203.0,False,False,31.8,83.0,0,False,0.004261548864826464,0
P0689,70,M,108.0,300.0,False,False,20.3,61.0,3,False,0.09924984360321955,0
P0690,72,M,161.0,220.0,False,False,24.7,72.0,2,True,0.24265767263515703,0
P0691,59,M,126.0,220.0,False,False,31.1,88.0,1,False,0.0325810090049571,1
P0692,72,M,116.0,200.0,True,True,23.1,66.0,2,False,0.21366393781810267,0
P0693,59,F,133.0,266.0,True,False,28.7,68.0,0,False,0.04214893923010679,0
P0694,61,F,158.0,167.0,False,False,27.1,70.0,3,False,0.05055853719810693,0
P0695,41,M,154.0,217.0,False,False,25.4,77.0,3,False,0.0304555160982465,0
P0696,62,F,133.0,214.0,False,True,19.0,85.0,1,False,0.03615896088376943,0
P0697,38,F,132.0,203.0,False,False,27.1,65.0,3,False,0.010265952824637848,0
P0698,64,F,132.0,219.0,False,False,24.6,71.0,1,True,0.0479075690767312,0
P0699,73,M,140.0,202.0,False,False,28.2,78.0,1,False,0.07622250499479237,0
P0700,72,F,135.0,184.0,True,False,20.4,78.0,3,True,0.2160380253539278,0
P0701,38,F,146.0,244.0,False,False,29.3,74.0,2,False,0.012655881851573902,0
P0702,73,M,133.0,269.0,True,False,29.9,69.0,3,True,0.5073064525689702,0
P0703,70,F,112.0,244.0,False,False,33.3,80.0,2,False,0.05018176646832878,0
P0704,38,M,106.0,251.0,True,False,24.8,73.0,1,False,0.014447971088099863,0
P0705,34,M,111.0,212.0,False,False,23.8,66.0,0,False,0.003071511399213871,0
P0706,65,M,142.0,140.0,False,False,31.0,68.0,3,False,0.0728341711622659,0
P0707,52,F,123.0,178.0,True,False,22.2,63.0,3,False,0.03236560337271064,0
P0708,57,F,137.0,232.0,False,False,23.1,58.0,1,False,0.018185414240667705,0
P0709,31,F,122.0,123.0,False,False,25.6,66.0,1,False,0.0016532116785126986,0
P0710,43,M,120.0,214.0,False,False,21.9,70.0,0,False,0.005906991959747879,0
P0711,66,F,150.0,230.0,False,False,33.4,78.0,0,False,0.036520702790265216,0
P0712,64,F,124.0,228.0,False,False,31.3,60.0,3,True,0.1023682457018,1
P0713,46,M,112.0,173.0,False,False,17.2,85.0,2,True,0.016743379749182115,0
P0714,48,M,143.0,199.0,True,False,17.3,45.0,3,False,0.05746059826584453,0
P0715,55,M,134.0,203.0,False,False,24.1,63.0,3,True,0.08209674818474835,0
P0716,48,M,90.0,220.0,False,False,29.2,72.0,0,False,0.005966088240630383,0
P0717,45,F,120.0,201.0,False,False,30.1,83.0,2,False,0.00957799670297491,0
P0718,47,F,136.0,151.0,True,False,33.3,60.0,1,False,0.018310425686395883,0
P0719,58,M,157.0,297.0,False,False,28.3,76.0,3,False,0.1385219725232102,0
P0720,60,F,146.0,227.0,False,False,22.2,96.0,0,False,0.01710330518147229,0
P0721,66,F,144.0,211.0,True,False,28.9,75.0,2,False,0.1069474808540426,0
P0722,43,F,141.0,191.0,False,False,21.8,65.0,1,False,0.006421298191725259,0
P0723,39,F,138.0,234.0,False,False,23.2,69.0,1,False,0.0065102856575434895,0
P0724,47,F,145.0,218.0,False,True,19.8,76.0,3,False,0.03831203206219733,0
P0725,72,M,126.0,236.0,False,False,22.9,59.0,2,False,0.08201663153918552,0
P0726,75,F,144.0,170.0,False,True,24.2,65.0,1,True,0.15074525606919234,0
P0727,73,F,121.0,149.0,False,False,24.4,70.0,0,False,0.015978741022164403,0
P0728,51,M,146.0,259.0,False,False,35.0,64.0,0,True,0.05657473574866703,1
P0729,81,F,138.0,232.0,False,False,27.4,76.0,3,True,0.2704585595966375,1
P0730,61,F,121.0,226.0,False,False,28.6,78.0,1,False,0.019819640060721882,0
P0731,50,M,157.0,253.0,False,False,27.7,79.0,1,False,0.03590685157013233,0
P0732,62,M,121.0,203.0,False,False,34.1,90.0,0,False,0.02486606867726514,0
P0733,78,M,141.0,241.0,True,False,22.7,77.0,1,False,0.21039076443937885,0
P0734,53,F,132.0,151.0,False,False,30.4,71.0,1,False,0.009979373966512843,0
P0735,35,M,118.0,203.0,False,False,23.2,67.0,2,False,0.006862047390235889,0
P0736,46,M,144.0,208.0,False,False,26.4,72.0,0,False,0.011931693268544355,0
P0737,84,F,159.0,260.0,False,False,29.2,67.0,1,False,0.16540767987226793,1
P0738,55,F,118.0,198.0,False,False,20.9,81.0,2,False,0.012483220700430885,0
P0739,41,F,136.0,281.0,True,False,25.3,94.0,2,False,0.030501935800148268,0
P0740,78,F,142.0,134.0,False,False,27.0,70.0,0,False,0.03060371183300324,0
P0741,50,F,121.0,249.0,True,False,29.3,83.0,3,False,0.05194792011782194,0
P0742,47,M,137.0,149.0,False,False,26.0,75.0,1,False,0.01092440333876333,0
P0743,35,M,127.0,241.0,False,False,39.7,63.0,1,False,0.011659592774650542,0
P0744,82,F,151.0,253.0,False,True,35.5,83.0,3,False,0.41443728944913394,0
P0745,75,F,132.0,199.0,False,False,17.1,74.0,2,True,0.0888338636452926,0
P0746,51,F,131.0,199.0,False,True,27.5,70.0,3,False,0.042519463375751534,0
P0747,56,M,115.0,206.0,False,False,29.5,69.0,0,False,0.01391915532457283,0
P0748,43,F,137.0,237.0,True,False,28.5,60.0,1,False,0.020946491922517737,0
P0749,82,M,144.0,207.0,False,False,33.3,74.0,2,True,0.34236747931954675,0
P0750,80,F,146.0,236.0,False,True,16.0,80.0,2,False,0.17024288335477597,0
P0751,37,M,132.0,210.0,True,False,22.2,73.0,3,False,0.031084490793997162,0
P0752,43,M,122.0,232.0,True,False,33.9,60.0,3,False,0.05916707309063907,0
P0753,79,M,154.0,231.0,False,False,32.5,59.0,1,False,0.1691739719613202,0
P0754,41,F,113.0,225.0,False,False,37.3,99.0,1,False,0.006738965280140154,0
P0755,49,F,133.0,238.0,False,True,34.4,69.0,0,False,0.021549108303638265,0
P0756,74,F,158.0,247.0,True,False,21.2,70.0,3,True,0.4096047077338738,1
P0757,42,F,97.0,233.0,True,False,31.7,83.0,0,False,0.007446069898791815,0
P0758,76,F,138.0,217.0,False,False,25.7,74.0,1,False,0.05534440850931221,0
P0759,66,M,140.0,216.0,False,False,27.9,78.0,2,False,0.07662530813310768,0
P0760,40,F,121.0,183.0,True,False,27.3,59.0,0,False,0.0065562135154123135,0
P0761,31,F,125.0,227.0,False,False,24.9,76.0,1,False,0.003186811055913239,0
P0762,39,M,140.0,176.0,False,False,24.7,84.0,2,False,0.01144686537874794,0
P0763,58,F,135.0,208.0,False,False,30.5,83.0,2,False,0.02848262424548851,0
P0764,82,F,155.0,222.0,False,False,24.6,56.0,0,False,0.07418658866589428,0
P0765,56,F,139.0,235.0,False,True,28.0,81.0,2,False,0.05737448949331908,0
P0766,37,F,136.0,225.0,False,False,29.2,73.0,1,False,0.006288840095401255,0
P0767,32,F,130.0,230.0,False,False,24.6,78.0,0,False,0.0026351631138232558,0
P0768,40,F,146.0,216.0,False,False,25.7,75.0,3,False,0.015238923308756994,0
P0769,53,F,148.0,167.0,False,False,32.2,77.0,0,False,0.010900000942205584,0
P0770,54,F,123.0,198.0,False,True,19.4,82.0,0,False,0.012223087387680447,0
P0771,46,M,131.0,217.0,True,False,24.0,78.0,2,False,0.04032877847153237,0
P0772,64,M,152.0,231.0,True,False,21.0,60.0,3,False,0.2037576158192921,0
P0773,43,F,127.0,184.0,False,False,28.0,84.0,0,True,0.008201408275648078,0
P0774,44,F,90.0,189.0,False,False,39.2,75.0,2,False,0.006437115092932368,0
P0775,81,F,175.0,222.0,False,False,21.5,54.0,2,False,0.16389661992752386,0
P0776,59,F,141.0,176.0,False,False,32.5,78.0,2,True,0.05776070371809248,0
P0777,62,F,141.0,212.0,False,False,33.4,87.0,2,True,0.08477611564488986,0
P0778,61,M,141.0,256.0,False,False,17.4,74.0,1,False,0.038952753593231464,0
P0779,38,M,110.0,165.0,False,True,21.0,68.0,2,False,0.010732724614813283,0
P0780,62,F,137.0,171.0,False,False,26.9,74.0,0,False,0.013522787841175507,0
P0781,71,M,137.0,256.0,False,False,22.6,72.0,0,False,0.05369479432951753,0
P0782,32,M,107.0,200.0,True,False,28.3,71.0,3,False,0.016730385054329635,0
P0783,50,F,132.0,267.0,False,False,33.1,92.0,3,False,0.03593983718326589,0
P0784,45,M,133.0,164.0,False,False,30.2,69.0,0,False,0.007924267484242489,0
P0785,62,F,153.0,252.0,True,False,26.1,96.0,3,True,0.27156212702916505,0
P0786,79,F,151.0,234.0,True,True,29.6,61.0,0,False,0.25804567711258247,0
P0787,50,M,128.0,172.0,False,False,28.6,61.0,2,False,0.01938425918164856,0
P0788,33,F,128.0,218.0,False,False,21.3,84.0,1,False,0.0032631334735022054,0
P0789,65,F,155.0,294.0,False,False,24.3,66.0,1,False,0.05832328651495867,0
P0790,47,M,143.0,241.0,False,False,29.1,89.0,3,True,0.08714717893893824,0
P0791,67,F,137.0,227.0,True,False,26.7,68.0,2,False,0.10304049794559211,0
P0792,37,M,124.0,196.0,False,False,28.5,72.0,1,True,0.01353621040177365,0
P0793,45,M,123.0,166.0,True,False,31.0,70.0,1,False,0.021347119047301206,0
P0794,51,M,163.0,168.0,False,False,16.1,90.0,2,False,0.025711218353335327,0
P0795,75,M,160.0,210.0,False,False,33.7,86.0,2,False,0.18770576227853517,0
P0796,60,F,154.0,248.0,True,False,18.4,75.0,3,False,0.11479427211358176,0
P0797,63,M,123.0,213.0,False,False,27.1,69.0,1,True,0.06441344212549625,0
P0798,68,F,146.0,277.0,False,False,27.7,48.0,1,False,0.06009131269916712,0
P0799,63,F,159.0,186.0,False,False,26.3,76.0,2,True,0.08580207917326418,0
P0800,78,F,128.0,187.0,False,False,27.8,64.0,0,False,0.03342048149419788,0
P0801,41,M,123.0,212.0,True,False,24.5,74.0,3,False,0.03642545629634144,0
P0802,65,F,110.0,217.0,False,False,23.7,88.0,2,False,0.023879257191849565,0
P0803,43,F,171.0,263.0,False,False,26.5,88.0,1,False,0.01932769262257688,0
P0804,60,M,140.0,240.0,True,False,27.8,68.0,2,False,0.12750723849691697,0
P0805,51,F,123.0,215.0,False,False,23.9,77.0,2,True,0.02601654373454706,0
P0806,80,M,162.0,199.0,False,True,28.4,67.0,1,False,0.26808664623917344,0
P0807,31,F,113.0,230.0,False,False,23.1,62.0,1,False,0.002483692050916341,0
P0808,60,F,146.0,301.0,False,False,24.3,63.0,2,True,0.10487026241079961,0
P0809,33,F,113.0,210.0,False,False,25.9,81.0,3,False,0.005465230743222417,0
P0810,50,F,147.0,170.0,False,False,29.0,66.0,0,False,0.008439065834221056,0
P0811,66,M,130.0,166.0,True,False,25.6,75.0,3,False,0.13041819998447246,0
P0812,43,F,128.0,199.0,False,False,28.7,78.0,3,False,0.013183132847384035,0
P0813,47,M,113.0,220.0,False,False,34.2,84.0,1,False,0.014010948024331771,0
P0814,67,F,143.0,196.0,False,False,24.8,84.0,2,False,0.04329795616580409,0
P0815,69,F,140.0,206.0,False,False,32.8,66.0,2,False,0.06115435806855813,0
P0816,65,F,121.0,203.0,True,False,21.0,89.0,1,False,0.03764080035008183,0
P0817,34,M,148.0,252.0,False,False,29.9,58.0,0,False,0.008991503281835015,0
P0818,48,F,126.0,169.0,True,False,26.1,69.0,3,True,0.056637345986964745,0
P0819,70,M,142.0,205.0,True,False,36.4,65.0,2,False,0.22667641968147817,0
P0820,77,F,161.0,262.0,False,False,24.7,67.0,1,False,0.10533745009685276,0
P0821,41,M,111.0,263.0,False,False,23.2,68.0,2,False,0.012296685603491937,0
P0822,51,F,115.0,194.0,True,False,31.7,77.0,0,False,0.013777769347156497,0
P0823,77,M,137.0,219.0,False,False,28.8,75.0,2,False,0.13539463527276435,0
P0824,36,M,138.0,273.0,False,False,27.3,63.0,1,False,0.012619383567886892,0
P0825,79,M,133.0,270.0,False,True,16.1,99.0,3,True,0.47031296095142927,1
P0826,50,M,169.0,186.0,False,False,28.7,80.0,1,False,0.031282921912205594,0
P0827,67,M,144.0,188.0,False,False,26.4,83.0,2,True,0.13308352280890437,0
P0828,54,M,139.0,221.0,False,False,27.3,65.0,2,False,0.037919302184771256,0
P0829,51,M,138.0,183.0,False,False,23.4,71.0,1,False,0.016180768525179728,0
P0830,50,F,121.0,200.0,False,False,32.8,74.0,1,False,0.010003661357586756,0
P0831,31,F,119.0,219.0,True,False,26.8,71.0,2,False,0.00907765058371476,0
P0832,80,F,140.0,170.0,False,True,25.8,82.0,2,True,0.2484843627297609,0
P0833,71,M,142.0,232.0,False,False,19.9,81.0,1,False,0.06542985080296451,0
P0834,80,F,145.0,243.0,False,False,26.0,84.0,2,False,0.1234319021241214,0
P0835,60,F,158.0,211.0,True,False,22.0,69.0,3,False,0.10974876423687262,0
P0836,82,F,153.0,256.0,False,False,33.0,81.0,1,True,0.25733563071041016,0
P0837,34,M,121.0,186.0,True,False,28.0,62.0,3,True,0.04405040267300782,0
P0838,49,M,128.0,204.0,False,False,24.1,66.0,1,False,0.013750338176409813,0
P0839,61,F,126.0,157.0,False,False,26.0,66.0,1,False,0.013290477354561124,0
P0840,56,F,120.0,114.0,False,False,33.4,88.0,3,False,0.01717316581600919,0
P0841,30,F,115.0,168.0,False,False,27.5,82.0,2,False,0.002732377229994525,0
P0842,35,F,140.0,205.0,False,False,26.8,71.0,0,False,0.0034920246409416355,0
P0843,54,F,140.0,215.0,False,False,35.2,82.0,0,False,0.014804299233521835,0
P0844,75,M,136.0,213.0,True,False,28.5,77.0,0,False,0.12759709014140866,1
P0845,63,F,127.0,208.0,False,False,30.9,62.0,2,False,0.03319096206681489,0
P0846,45,F,123.0,207.0,True,True,25.3,59.0,0,False,0.019928912586614986,0
P0847,74,M,160.0,224.0,False,False,25.1,69.0,3,False,0.20794639151881877,0
P0848,78,F,162.0,198.0,True,True,30.6,61.0,3,False,0.4865732320707924,1
P0849,45,F,122.0,156.0,False,False,26.6,79.0,3,True,0.019125244172071527,0
P0850,80,M,139.0,246.0,True,False,28.5,94.0,0,False,0.2026885656463656,0
P0851,42,M,133.0,163.0,False,False,26.6,70.0,2,True,0.023618303852359416,0
P0852,61,M,126.0,268.0,False,False,26.9,68.0,3,False,0.08147389880859715,0
P0853,48,F,126.0,175.0,True,False,26.3,61.0,3,False,0.029758925430407174,0
P0854,69,M,166.0,208.0,True,False,20.9,83.0,1,False,0.15914134549267794,0
P0855,33,F,111.0,238.0,False,False,32.7,60.0,2,False,0.005328598783171734,0
P0856,32,F,121.0,189.0,False,False,24.2,70.0,1,False,0.002474712386585286,0
P0857,81,M,149.0,183.0,True,False,21.5,84.0,3,False,0.3363830392456611,0
P0858,39,F,137.0,201.0,False,False,27.2,73.0,2,True,0.016693031443413896,0
P0859,78,M,151.0,255.0,True,False,23.9,61.0,3,True,0.5937019377566397,1
P0860,66,F,119.0,218.0,False,False,32.5,75.0,2,False,0.03817788403098501,0
P0861,63,M,123.0,211.0,True,True,29.7,70.0,0,False,0.10272946862683108,0
P0862,69,F,150.0,215.0,False,False,24.2,75.0,1,False,0.04305008384612887,1
P0863,34,F,120.0,249.0,False,True,22.9,69.0,3,False,0.015020798116578124,0
P0864,32,M,112.0,160.0,False,False,29.7,67.0,0,False,0.0024390382151953157,0
P0865,34,M,101.0,215.0,False,False,23.7,80.0,2,False,0.005186686011693183,0
P0866,31,M,123.0,287.0,False,True,20.7,64.0,2,False,0.018044263943820214,0
P0867,81,F,142.0,224.0,False,False,19.4,75.0,3,False,0.12840518252260993,0
P0868,54,M,143.0,242.0,False,False,30.0,66.0,1,False,0.03580457950798422,0
P0869,36,F,127.0,182.0,False,False,19.8,77.0,3,False,0.0058391696130236075,0
P0870,47,M,115.0,192.0,False,False,21.5,78.0,2,False,0.011878037583509036,0
P0871,38,M,104.0,210.0,False,False,29.9,72.0,3,False,0.011585230940442377,0
P0872,79,F,139.0,220.0,False,False,30.5,75.0,1,False,0.07758314468577111,0
P0873,73,F,149.0,187.0,False,False,21.6,72.0,0,False,0.030192308475389326,0
P0874,30,M,129.0,232.0,False,False,24.1,72.0,0,False,0.003751330907472993,0
P0875,46,F,99.0,194.0,False,False,31.2,65.0,0,False,0.0034502360168457884,0
P0876,66,M,160.0,243.0,False,False,27.8,73.0,3,False,0.16416613021991866,0
P0877,52,F,135.0,210.0,True,True,24.8,87.0,3,False,0.09921537376843005,0
P0878,42,M,120.0,257.0,False,True,27.4,71.0,3,True,0.09030678518891282,0
P0879,52,M,102.0,207.0,True,False,28.7,58.0,0,False,0.018957266361092552,0
P0880,53,F,117.0,184.0,False,False,21.9,85.0,3,False,0.014426731575296206,0
P0881,68,M,158.0,259.0,False,False,22.3,58.0,3,False,0.16603249604964918,0
P0882,60,M,137.0,168.0,False,False,31.8,76.0,3,True,0.11587403579785321,0
P0883,55,M,134.0,201.0,False,False,34.7,54.0,0,True,0.04143911361386095,1
P0884,63,F,133.0,207.0,True,True,30.9,76.0,3,False,0.19432180117162323,1
P0885,74,F,137.0,258.0,False,False,26.0,99.0,1,False,0.06136729714474959,0
P0886,35,M,116.0,222.0,False,False,23.8,77.0,3,False,0.010706190223253422,0
P0887,57,M,147.0,221.0,False,False,27.1,83.0,3,False,0.07256122483035549,0
P0888,71,F,155.0,277.0,False,False,31.6,72.0,3,False,0.16846150138061466,0
P0889,45,M,136.0,214.0,True,True,32.5,75.0,3,False,0.136513718756869,1
P0890,77,M,143.0,176.0,False,True,26.8,71.0,0,False,0.1131206977008878,0
P0891,40,F,130.0,168.0,True,True,28.7,84.0,1,False,0.020766024585080128,0
P0892,31,F,142.0,154.0,False,False,20.4,81.0,3,False,0.004910137011731655,0
P0893,71,M,156.0,218.0,False,False,26.2,74.0,3,False,0.16808420596607285,0
P0894,72,F,164.0,217.0,False,False,33.4,66.0,1,False,0.08391834857238789,0
P0895,42,M,105.0,220.0,False,False,26.2,58.0,2,False,0.009971329842539053,0
P0896,84,M,121.0,232.0,False,False,28.9,75.0,1,False,0.12207841365016014,0
P0897,63,M,150.0,222.0,False,False,30.9,77.0,3,True,0.2111383514213043,1
P0898,31,F,117.0,262.0,False,False,30.5,59.0,1,False,0.004037970538491401,0
P0899,63,M,90.0,227.0,True,False,27.3,74.0,1,False,0.04404502702396101,0
P0900,49,F,141.0,181.0,True,False,24.3,63.0,1,False,0.020562468591352554,0
P0901,82,M,166.0,207.0,False,True,17.1,56.0,1,False,0.2506696718852264,0
P0902,45,M,132.0,192.0,True,False,21.6,54.0,3,False,0.043959205958938305,0
P0903,34,M,123.0,202.0,True,False,25.5,71.0,1,False,0.01172991312522425,0
P0904,78,F,124.0,171.0,True,False,30.1,82.0,3,False,0.16601650741136184,1
P0905,41,F,141.0,244.0,False,False,27.8,87.0,2,False,0.013271616721248247,0
P0906,48,F,167.0,166.0,False,False,32.0,55.0,1,False,0.01604238978468783,0
P0907,66,F,179.0,234.0,True,False,21.4,81.0,0,False,0.09240601129404316,0
P0908,48,F,130.0,240.0,True,False,18.9,74.0,2,True,0.05286808980600793,0
P0909,48,M,132.0,234.0,False,False,29.6,68.0,1,False,0.01943465984710946,0
P0910,57,M,146.0,220.0,False,False,34.9,80.0,1,False,0.04573221919309731,0
P0911,37,F,105.0,207.0,False,False,27.7,67.0,3,True,0.012555688905724404,0
P0912,59,F,128.0,271.0,True,False,24.4,69.0,1,False,0.04933323298695323,0
P0913,79,M,158.0,249.0,True,True,30.8,73.0,1,False,0.513303736162847,1
P0914,84,F,155.0,178.0,False,False,33.2,73.0,2,False,0.15310210152936896,0
P0915,70,F,135.0,240.0,False,False,21.4,67.0,1,False,0.03715293410127533,0
P0916,62,F,136.0,178.0,True,False,25.3,69.0,2,True,0.10822002495436675,0
P0917,42,M,108.0,236.0,False,False,31.4,72.0,1,False,0.00950732488595027,0
P0918,77,F,141.0,249.0,False,False,28.0,83.0,0,False,0.056316619628989685,0
P0919,35,F,138.0,296.0,False,False,23.3,55.0,0,False,0.005244726881255859,0
P0920,69,F,133.0,225.0,False,True,25.5,67.0,3,True,0.22765021589572476,0
P0921,76,F,135.0,215.0,False,False,22.9,80.0,0,True,0.06673957341772636,0
P0922,55,F,127.0,204.0,False,False,20.3,77.0,0,False,0.0074680005721659455,0
P0923,61,F,119.0,237.0,False,False,28.3,65.0,3,False,0.03988578425484168,0
P0924,74,M,155.0,240.0,False,False,21.1,78.0,0,False,0.07516409605524328,0
P0925,81,F,126.0,241.0,False,False,26.3,62.0,1,False,0.06939851732715006,0
P0926,31,F,105.0,247.0,True,False,22.7,75.0,2,False,0.007414513417317567,0
P0927,58,M,139.0,234.0,True,False,28.8,85.0,0,False,0.05945375772381481,0
P0928,52,M,102.0,161.0,True,False,25.2,56.0,3,True,0.06995171334604357,0
P0929,42,M,149.0,193.0,True,False,25.7,76.0,0,True,0.039599484153724496,0
P0930,77,F,167.0,227.0,False,True,19.9,79.0,3,False,0.2731878323030155,0
P0931,37,M,123.0,223.0,False,False,27.9,61.0,2,True,0.022045377959726522,0
P0932,48,M,148.0,171.0,False,False,24.8,77.0,1,True,0.030923602379432983,0
P0933,52,M,136.0,253.0,False,False,23.2,75.0,1,False,0.024739755949769127,0
P0934,42,F,135.0,196.0,False,False,28.7,73.0,0,False,0.0048833521688371045,0
P0935,67,M,158.0,251.0,True,False,30.8,74.0,0,False,0.1535729553811626,1
P0936,65,F,173.0,248.0,True,False,34.3,66.0,0,False,0.12200252842746295,1
P0937,30,F,123.0,182.0,True,False,27.6,70.0,2,False,0.0075132769382153086,0
P0938,38,M,160.0,231.0,False,False,27.8,76.0,2,False,0.023310136038125102,0
P0939,51,M,149.0,254.0,False,False,22.6,84.0,2,False,0.04018777588278927,0
P0940,78,F,172.0,229.0,False,False,23.7,80.0,3,False,0.19911080972767467,0
P0941,52,M,133.0,236.0,False,False,32.0,84.0,3,True,0.1029047339597439,0
P0942,53,F,139.0,173.0,False,True,24.8,79.0,2,False,0.0308777559419042,0
P0943,66,F,175.0,177.0,False,False,34.9,76.0,1,False,0.060735302064547914,0
P0944,73,F,136.0,237.0,True,False,21.3,77.0,0,False,0.06756080425842653,0
P0945,40,F,107.0,144.0,False,False,26.1,88.0,2,False,0.003574302989349366,0
P0946,66,F,176.0,197.0,False,False,26.0,63.0,2,False,0.07416959098116564,0
P0947,78,M,117.0,220.0,False,True,23.9,73.0,0,False,0.09267968177798626,0
P0948,78,M,163.0,247.0,True,False,25.5,82.0,1,False,0.3086822099002077,0
P0949,47,F,119.0,259.0,False,True,26.0,87.0,2,False,0.026342305340492488,0
P0950,72,F,141.0,256.0,False,False,27.7,85.0,1,False,0.06106479566219955,0
P0951,75,F,119.0,178.0,False,True,26.5,71.0,3,False,0.11254978754416745,0
P0952,38,M,121.0,196.0,False,False,31.6,73.0,0,False,0.0052809245315525105,0
P0953,75,F,125.0,237.0,False,False,38.1,84.0,0,False,0.047772743263185924,0
P0954,80,M,148.0,210.0,False,False,30.3,85.0,1,True,0.24327017582186375,0
P0955,78,M,154.0,238.0,True,False,28.7,70.0,3,False,0.44623986519719844,0
P0956,77,M,125.0,188.0,False,False,22.5,73.0,0,False,0.041375788697178846,0
P0957,44,F,142.0,176.0,False,False,24.5,83.0,2,False,0.00968243377731119,0
P0958,57,F,148.0,309.0,False,False,19.3,83.0,0,False,0.02219385486274138,0
P0959,76,M,114.0,207.0,False,False,29.1,77.0,0,False,0.043658729174701025,0
P0960,34,M,113.0,203.0,True,False,20.3,74.0,2,False,0.012049404386218874,0
P0961,42,F,114.0,248.0,False,False,30.0,86.0,2,False,0.009437145177922063,0
P0962,41,F,179.0,209.0,False,False,23.6,82.0,1,True,0.02609148168822542,0
P0963,51,F,131.0,261.0,False,True,28.6,58.0,0,False,0.022567862618081597,0
P0964,36,M,101.0,297.0,False,False,29.3,61.0,1,True,0.015877012015875637,0
P0965,39,M,126.0,218.0,False,False,18.5,66.0,2,False,0.009681730874016104,0
P0966,84,M,131.0,333.0,False,False,23.4,65.0,2,False,0.2666642976275033,0
P0967,56,F,122.0,201.0,False,False,28.6,60.0,0,False,0.009168170490128916,0
P0968,74,F,165.0,139.0,False,False,29.2,79.0,2,True,0.14229536629291611,0
P0969,34,M,121.0,219.0,True,False,30.6,68.0,3,False,0.02887991574793152,0
P0970,32,F,121.0,226.0,False,False,25.5,72.0,0,True,0.004566380927526574,0
P0971,82,M,166.0,182.0,True,True,26.6,74.0,3,True,0.7764151339276997,1
P0972,82,F,180.0,179.0,False,False,35.0,89.0,3,True,0.43140215844567026,0
P0973,30,F,124.0,174.0,True,False,27.9,67.0,3,True,0.0207494070399101,0
P0974,43,M,109.0,151.0,False,False,30.7,63.0,1,False,0.006180525979280197,0
P0975,57,M,134.0,215.0,False,False,25.8,70.0,2,False,0.03856672582011242,0
P0976,65,F,144.0,194.0,False,False,20.2,58.0,1,False,0.024339859419838687,0
P0977,76,M,144.0,283.0,True,False,29.1,55.0,3,False,0.44077752524083563,0
P0978,30,M,129.0,243.0,False,False,29.5,65.0,0,False,0.004726488348561282,0
P0979,37,F,111.0,199.0,False,False,31.2,85.0,0,False,0.0025908930160910754,0
P0980,31,M,147.0,198.0,True,False,23.0,87.0,0,False,0.009749216950170355,0
P0981,62,F,145.0,267.0,False,False,23.8,74.0,0,False,0.02518835277931399,0
P0982,59,M,111.0,244.0,False,False,17.3,72.0,0,False,0.013552981801137178,0
P0983,59,F,136.0,164.0,True,False,29.5,64.0,1,False,0.03555241137837133,0
P0984,41,F,136.0,216.0,False,False,30.7,71.0,1,False,0.007896383286799343,0
P0985,71,F,150.0,236.0,True,True,24.0,76.0,2,False,0.26558531156004217,1
P0986,80,M,173.0,232.0,False,True,25.0,82.0,2,False,0.4106934055557253,1
P0987,68,M,125.0,253.0,False,False,26.0,86.0,0,False,0.04023386527031475,1
P0988,84,M,127.0,210.0,False,True,34.2,71.0,2,False,0.3106093589004001,0
P0989,75,F,159.0,160.0,False,False,31.1,65.0,1,False,0.062471073760423025,0
P0990,34,F,114.0,243.0,False,False,32.1,64.0,3,False,0.008667765744075526,0
P0991,73,F,139.0,185.0,True,True,26.3,60.0,2,False,0.20872183233160502,0
P0992,64,F,152.0,202.0,False,False,25.0,75.0,1,False,0.03159911756706914,0
P0993,62,M,123.0,226.0,True,False,32.0,72.0,0,False,0.05921819366931682,0
P0994,41,M,104.0,160.0,False,False,19.5,70.0,2,False,0.005341013471047617,0
P0995,49,M,112.0,206.0,False,False,29.3,77.0,1,True,0.02449996690991806,0
P0996,49,M,141.0,174.0,False,False,21.2,49.0,3,True,0.05169370576801676,0
P0997,35,M,119.0,182.0,False,True,30.5,69.0,2,False,0.015333013054463543,0
P0998,48,F,118.0,175.0,True,False,29.3,75.0,2,False,0.020156400956279078,0
P0999,39,F,92.0,165.0,True,False,23.0,64.0,2,True,0.011637658239376516,0
P1000,55,M,144.0,242.0,False,False,28.0,57.0,2,False,0.05065020048155382,0
P1001,77,F,130.0,245.0,True,False,21.9,73.0,0,True,0.15134686371768152,0
P1002,70,M,152.0,223.0,False,False,22.3,73.0,1,False,0.07479342368733329,0
P1003,44,M,120.0,188.0,False,True,25.2,67.0,2,False,0.02353261852771932,0
P1004,62,M,142.0,173.0,False,False,23.6,94.0,1,False,0.03091010941394672,0
P1005,79,F,137.0,133.0,True,False,31.4,55.0,1,False,0.09813688359720027,0
P1006,82,M,155.0,203.0,False,False,36.4,57.0,1,False,0.18965835345409174,0
P1007,46,F,96.0,197.0,False,False,27.0,62.0,3,False,0.008233118303089478,0
P1008,46,M,116.0,219.0,False,False,27.0,87.0,0,False,0.007823562286137403,0
P1009,33,M,128.0,236.0,True,False,30.3,57.0,2,False,0.024130094212781117,0
P1010,72,M,166.0,217.0,True,False,25.5,64.0,2,False,0.2827324782514616,0
P1011,45,F,134.0,211.0,True,True,29.0,63.0,2,True,0.10363714169547089,0
P1012,49,F,119.0,187.0,True,False,18.5,82.0,3,False,0.024082641989919145,1
P1013,51,F,121.0,205.0,False,False,23.8,65.0,0,False,0.00588446461532433,0
P1014,35,F,123.0,222.0,False,False,20.0,73.0,3,False,0.0065531380809387835,0
P1015,35,M,103.0,171.0,False,False,18.4,88.0,2,False,0.0037368606124324267,0
P1016,62,F,153.0,213.0,False,False,31.2,69.0,3,False,0.07110035639725362,0
P1017,53,F,163.0,213.0,True,False,25.6,52.0,0,False,0.0338455971676026,0
P1018,48,F,121.0,176.0,False,False,34.0,72.0,3,False,0.015882454770451773,0
P1019,73,F,110.0,180.0,False,False,33.7,88.0,3,False,0.05652577187174907,0
P1020,41,F,113.0,254.0,False,False,26.7,71.0,3,False,0.01154039903290145,0
P1021,52,F,128.0,239.0,False,False,25.1,79.0,0,False,0.009021357110543197,0
P1022,47,F,120.0,197.0,False,True,23.5,79.0,3,False,0.02409370446086943,0
P1023,57,F,153.0,211.0,False,False,16.0,74.0,2,False,0.02450045638413834,0
P1024,37,M,138.0,232.0,False,False,24.5,87.0,0,False,0.006824724967575954,0
P1025,84,M,138.0,188.0,False,False,25.7,63.0,3,False,0.20790137790157598,0
P1026,46,M,146.0,207.0,True,False,23.9,70.0,1,False,0.03518073249667837,0
P1027,41,M,151.0,236.0,False,False,22.6,66.0,0,False,0.010470857224585503,0
P1028,68,F,115.0,188.0,False,False,26.5,68.0,0,False,0.014338835720462047,0
P1029,59,M,132.0,221.0,False,True,25.3,93.0,0,False,0.042657008867992334,0
P1030,70,F,144.0,150.0,True,True,27.5,75.0,2,False,0.16896043824459211,1
P1031,84,M,172.0,226.0,False,False,22.5,88.0,2,False,0.2818415180730166,0
P1032,68,F,117.0,213.0,True,False,35.4,71.0,3,False,0.12600532029476752,0
P1033,57,F,129.0,279.0,True,False,29.4,81.0,0,False,0.038965950237744684,0
P1034,47,M,118.0,217.0,True,False,26.2,65.0,0,False,0.018214463371908778,0
P1035,62,M,124.0,199.0,False,False,23.4,60.0,1,False,0.026123675336433075,0
P1036,80,M,145.0,241.0,False,True,22.6,61.0,0,False,0.17085277436129023,0
P1037,60,F,148.0,222.0,False,False,30.5,87.0,1,False,0.030511125676440945,0
P1038,60,M,146.0,181.0,False,False,25.1,61.0,0,False,0.022958260678202533,0
P1039,36,M,142.0,205.0,False,False,27.1,51.0,0,False,0.006378601941388438,0
P1040,54,F,125.0,280.0,False,True,28.8,61.0,1,False,0.03795061319552148,0
P1041,69,F,144.0,233.0,True,False,24.5,98.0,3,False,0.16780519630037136,1
P1042,75,M,153.0,168.0,False,True,28.1,81.0,0,False,0.11871157059236374,0
P1043,80,M,170.0,214.0,False,False,18.5,59.0,3,False,0.2587678181648806,0
P1044,65,M,125.0,230.0,False,True,22.6,86.0,3,False,0.13600321443865387,0
P1045,80,M,148.0,219.0,False,True,18.2,65.0,2,False,0.25385933353590995,0
P1046,33,M,105.0,254.0,False,False,25.1,63.0,1,False,0.0048874548438605095,0
P1047,62,M,143.0,201.0,False,False,25.0,51.0,1,False,0.03888326762715428,0
P1048,44,M,103.0,266.0,False,False,34.8,77.0,0,False,0.009167207725337459,0
P1049,49,F,111.0,189.0,True,False,23.4,62.0,3,False,0.02453319917475802,0
P1050,82,F,150.0,224.0,True,False,27.5,99.0,2,True,0.4188276696085862,0
P1051,67,F,123.0,259.0,False,False,28.7,72.0,1,False,0.035409050489064696,0
P1052,54,M,137.0,157.0,False,False,33.1,64.0,3,False,0.04249566217390254,0
P1053,81,M,136.0,192.0,True,False,28.9,78.0,1,True,0.3463831915724663,0
P1054,51,M,95.0,231.0,False,True,30.2,68.0,1,False,0.024337370230027303,0
P1055,83,M,139.0,276.0,False,False,34.9,71.0,3,True,0.5306733734125922,0
P1056,46,F,144.0,186.0,False,False,19.3,70.0,3,False,0.014599360402311436,0
P1057,45,M,133.0,229.0,False,False,24.2,79.0,1,False,0.013826351806240372,0
P1058,65,M,148.0,177.0,False,False,25.1,77.0,1,True,0.08382962803495413,0
P1059,81,F,106.0,242.0,False,False,26.5,73.0,1,False,0.05041832300154478,0
P1060,34,M,112.0,260.0,False,False,24.0,53.0,3,False,0.011894191397805337,0
P1061,70,F,151.0,208.0,False,True,31.6,80.0,3,False,0.19114274924561997,0
P1062,52,M,127.0,195.0,False,False,24.0,77.0,2,False,0.021726330903931324,0
P1063,77,F,159.0,267.0,False,False,23.9,47.0,0,False,0.07464805976792163,0
P1064,72,M,151.0,244.0,False,False,28.9,65.0,1,False,0.10950679110471928,1
P1065,39,F,115.0,241.0,False,True,23.5,65.0,0,False,0.006375221235391382,0
P1066,66,F,154.0,258.0,False,False,22.1,69.0,1,False,0.04699659521796241,0
P1067,83,M,173.0,221.0,False,True,20.9,78.0,3,False,0.4950132552963327,1
P1068,38,F,134.0,241.0,False,False,26.2,78.0,1,False,0.006501905678943949,0
P1069,71,F,153.0,283.0,False,False,31.4,64.0,0,False,0.06481559824132753,0
P1070,35,M,103.0,192.0,True,False,30.4,69.0,0,False,0.0067065669835299655,0
P1071,39,M,126.0,238.0,False,False,28.8,72.0,0,False,0.007272770537735405,0
P1072,44,M,131.0,194.0,False,False,27.3,77.0,0,True,0.01571452489612242,0
P1073,59,F,120.0,265.0,True,False,24.3,87.0,1,True,0.0807079879266401,0
P1074,73,F,139.0,240.0,True,False,26.3,95.0,3,False,0.20525959864758897,1
P1075,36,M,112.0,160.0,False,False,21.3,78.0,0,True,0.004770881459529742,0
P1076,32,M,138.0,210.0,False,False,27.5,73.0,3,True,0.027228406852904535,0
P1077,69,F,126.0,200.0,True,False,31.3,61.0,2,False,0.09421319144462438,0
P1078,47,M,131.0,239.0,False,True,19.5,86.0,3,False,0.0542216961729953,0
P1079,62,M,137.0,210.0,True,True,32.7,69.0,3,False,0.30080697241646936,0
P1080,53,M,140.0,208.0,False,False,17.1,84.0,1,True,0.035517815088996714,0
P1081,61,M,136.0,238.0,False,False,23.3,85.0,0,False,0.02715811049678666,0
P1082,48,F,115.0,194.0,False,False,21.9,55.0,2,False,0.007889955547390162,0
P1083,76,M,149.0,126.0,True,False,23.5,68.0,1,False,0.12461252813060794,0
P1084,36,F,151.0,186.0,False,True,25.2,72.0,0,False,0.007695756059804166,0
P1085,72,M,150.0,199.0,False,False,32.4,74.0,3,False,0.17202400758410855,0
P1086,53,M,148.0,265.0,False,False,22.2,71.0,0,False,0.02368052184769554,0
P1087,35,M,97.0,148.0,False,False,22.6,76.0,3,False,0.0047045595620249184,0
P1088,79,M,175.0,284.0,False,False,23.4,54.0,1,False,0.23693650823932422,0
P1089,71,F,161.0,224.0,False,False,24.3,77.0,0,False,0.04378740045657373,0
P1090,38,F,121.0,220.0,False,False,23.9,75.0,1,False,0.004219608436068631,0
P1091,59,F,146.0,208.0,False,False,20.7,69.0,2,False,0.02741389411228525,0
P1092,38,M,149.0,199.0,True,False,27.9,71.0,0,False,0.017695735509566837,0
P1093,40,M,123.0,186.0,False,False,26.1,59.0,3,False,0.014163931594163062,0
P1094,46,F,111.0,279.0,False,False,31.2,85.0,1,False,0.01002915291817527,0
P1095,49,F,142.0,186.0,False,False,32.3,78.0,2,True,0.03439022153639272,0
P1096,84,F,147.0,240.0,False,False,19.7,72.0,2,False,0.1304546977502942,0
P1097,58,F,143.0,220.0,False,False,33.8,71.0,3,True,0.10172770306080398,1
P1098,53,F,127.0,213.0,False,False,29.0,93.0,2,False,0.018020305575235925,0
P1099,77,F,123.0,256.0,False,True,32.4,81.0,3,True,0.37315534760189956,0
P1100,32,M,112.0,222.0,False,True,26.3,75.0,3,False,0.017948005995707943,0
P1101,78,F,155.0,160.0,True,True,29.6,70.0,3,False,0.39121972777419267,0
P1102,32,F,102.0,145.0,False,False,29.3,71.0,0,False,0.0011111547485199724,0
P1103,35,F,146.0,186.0,False,False,32.8,73.0,3,False,0.011709178063284175,0
P1104,31,F,90.0,252.0,True,False,24.0,62.0,1,False,0.004273947522798873,0
P1105,54,F,119.0,278.0,False,False,24.0,70.0,2,False,0.021073249302440415,0
P1106,83,F,154.0,211.0,False,False,25.6,77.0,2,True,0.2444551334246761,0
P1107,76,F,148.0,223.0,False,False,32.8,71.0,1,False,0.082675207383592,0
P1108,33,F,132.0,164.0,False,False,33.6,72.0,0,False,0.0025635512251049666,0
P1109,63,F,140.0,227.0,False,False,21.8,76.0,0,False,0.01815652777398896,0
P1110,81,F,173.0,233.0,True,False,29.2,61.0,0,False,0.2212203843281087,0
P1111,77,F,139.0,199.0,False,False,26.7,83.0,2,False,0.07627216455685597,0
P1112,45,F,136.0,204.0,False,False,25.7,64.0,0,False,0.005696488286249689,0
P1113,62,M,127.0,232.0,False,False,29.2,83.0,2,False,0.05564633051224224,0
P1114,49,M,147.0,270.0,True,True,35.2,72.0,2,False,0.20570660007510633,0
P1115,42,M,122.0,275.0,False,False,29.5,75.0,0,False,0.010366218554176729,0
P1116,78,F,142.0,312.0,False,False,24.8,64.0,2,False,0.14786278300103953,0
P1117,57,F,134.0,191.0,True,False,24.0,64.0,2,False,0.04285410301634358,0
P1118,56,F,120.0,135.0,False,False,29.1,86.0,1,False,0.008513839054170996,0
P1119,58,M,129.0,217.0,True,False,28.1,71.0,3,False,0.11794753540460105,0
P1120,41,M,100.0,167.0,False,False,32.0,64.0,1,False,0.005325500206236763,0
P1121,79,F,143.0,240.0,False,False,33.2,70.0,1,False,0.09849794969552864,0
P1122,62,M,136.0,203.0,False,False,28.1,69.0,1,True,0.07383205274725087,0
P1123,49,F,139.0,184.0,False,False,29.7,72.0,3,False,0.021451713852317564,0
P1124,62,M,131.0,213.0,False,False,34.5,77.0,3,False,0.08542032166758493,0
P1125,42,F,106.0,243.0,False,False,32.8,68.0,2,False,0.008628514141003884,0
P1126,56,F,133.0,226.0,False,False,22.9,88.0,2,False,0.02161100342621152,0
P1127,71,M,134.0,218.0,True,False,20.5,81.0,3,False,0.2026494783827556,0
P1128,75,M,131.0,191.0,False,False,20.8,57.0,2,True,0.14468128664195692,0
P1129,53,F,158.0,172.0,False,False,19.1,63.0,2,True,0.03619573174967468,0
P1130,69,F,138.0,231.0,False,False,28.7,59.0,3,False,0.08374291826258584,0
P1131,56,F,177.0,199.0,False,False,21.3,66.0,3,True,0.10167491218010548,0
P1132,34,M,115.0,170.0,False,False,30.0,64.0,3,False,0.008731926258839355,0
P1133,83,M,134.0,243.0,False,False,23.3,85.0,1,False,0.12817518639509023,0
P1134,77,M,142.0,221.0,False,True,31.3,76.0,1,False,0.212195586460697,0
P1135,67,F,128.0,207.0,False,False,29.8,90.0,0,False,0.02077542273457654,0
P1136,32,F,131.0,258.0,False,False,27.7,67.0,2,False,0.0069725803988529705,0
P1137,66,F,132.0,194.0,False,True,29.0,56.0,1,False,0.05257520118238675,0
P1138,43,F,126.0,241.0,False,True,21.1,73.0,0,False,0.009252839706095584,0
P1139,81,F,161.0,228.0,True,True,16.0,88.0,2,False,0.37570014693543957,0
P1140,34,M,119.0,220.0,True,False,24.4,62.0,0,False,0.00834948753593546,1
P1141,69,M,145.0,222.0,False,False,28.8,61.0,1,True,0.1392473432075053,0
P1142,51,F,122.0,245.0,False,False,21.0,79.0,1,False,0.009886610269908043,0
P1143,82,F,164.0,277.0,False,True,29.8,70.0,2,False,0.37951888943736667,0
P1144,73,F,169.0,174.0,False,False,29.5,76.0,1,False,0.06894256378826283,0
P1145,64,M,136.0,259.0,False,False,27.3,58.0,2,False,0.0788574781768229,0
P1146,58,F,120.0,204.0,False,False,28.0,69.0,3,False,0.02799917074505026,0
P1147,62,F,139.0,228.0,False,False,26.4,78.0,3,False,0.05363352989825201,0
P1148,63,F,164.0,226.0,False,False,27.4,78.0,3,False,0.08777312072834474,0
P1149,45,F,124.0,190.0,False,False,21.1,77.0,0,False,0.003701082893263992,0
P1150,59,M,158.0,194.0,False,True,31.5,81.0,2,False,0.1284384942404635,1
P1151,42,F,113.0,214.0,True,True,28.3,68.0,0,True,0.03145455077732432,0
P1152,45,M,125.0,187.0,False,False,29.2,62.0,0,False,0.007689627365223689,0
P1153,59,M,152.0,239.0,False,False,23.4,47.0,0,False,0.03201686352212402,0
P1154,64,M,143.0,164.0,False,False,20.1,65.0,3,False,0.059559057012466436,0
P1155,33,F,114.0,198.0,False,False,32.3,72.0,1,False,0.0030810049068191693,0
P1156,84,F,177.0,272.0,True,False,20.1,73.0,0,False,0.26093222211056477,0
P1157,39,F,123.0,200.0,False,False,25.3,72.0,2,False,0.006125515567582162,0
P1158,60,M,138.0,182.0,False,False,26.3,70.0,3,False,0.05790009219926507,0
P1159,68,M,138.0,215.0,False,False,27.9,58.0,3,False,0.11139372523144771,0
P1160,44,M,114.0,173.0,False,True,28.2,89.0,3,False,0.029925611247028843,0
P1161,67,F,144.0,245.0,False,False,26.7,80.0,2,False,0.06081899701881346,0
P1162,57,M,154.0,217.0,False,False,20.3,74.0,3,False,0.06579568798204455,0
P1163,31,F,117.0,194.0,True,False,25.5,69.0,0,True,0.007339579310139401,0
P1164,77,M,165.0,246.0,False,False,26.4,71.0,2,False,0.2233651513197774,1
P1165,38,F,110.0,203.0,False,False,29.2,84.0,0,False,0.0025971174627929874,0
P1166,36,F,125.0,180.0,False,False,27.8,64.0,3,False,0.007182648464320994,0
P1167,63,F,148.0,204.0,False,False,31.9,74.0,1,False,0.03449877347179868,0
P1168,40,F,132.0,179.0,True,False,30.5,70.0,0,False,0.00867781375470164,1
P1169,52,M,129.0,173.0,False,False,21.0,59.0,2,False,0.017970148732877955,0
P1170,31,M,90.0,224.0,True,False,27.1,64.0,2,False,0.009258733942179763,0
P1171,62,F,135.0,192.0,False,False,28.8,61.0,0,True,0.03112969925717245,0
P1172,78,F,161.0,200.0,True,False,24.5,75.0,2,False,0.2138577709374183,0
P1173,37,F,132.0,236.0,False,False,33.6,73.0,1,False,0.007139267256628575,0
P1174,61,F,135.0,168.0,False,True,24.3,54.0,2,False,0.04411455240448259,0
P1175,77,F,167.0,192.0,False,False,21.0,73.0,1,False,0.07243954706492045,0
P1176,41,M,109.0,187.0,False,False,18.8,66.0,3,False,0.009450407932015056,0
P1177,44,M,133.0,263.0,False,False,24.7,73.0,2,True,0.04498189104739002,0
P1178,55,F,158.0,206.0,True,False,24.7,70.0,0,False,0.03287242475490668,0
P1179,50,M,154.0,216.0,False,False,25.1,86.0,2,False,0.036111335630384024,0
P1180,34,M,151.0,206.0,True,False,16.8,80.0,0,False,0.010770550723796474,0
P1181,54,M,114.0,168.0,True,False,26.9,75.0,1,True,0.05485360322363438,0
P1182,80,F,142.0,235.0,False,False,32.0,66.0,3,False,0.17853812505477912,0
P1183,62,M,140.0,245.0,True,False,23.9,95.0,1,False,0.09676566829439284,0
P1184,47,M,141.0,268.0,True,False,29.6,82.0,1,False,0.056974752084798866,0
P1185,83,M,132.0,216.0,False,False,24.1,74.0,1,False,0.11133085227723584,0
P1186,34,F,125.0,225.0,False,False,23.2,75.0,3,False,0.0072318063928365,0
P1187,41,M,113.0,239.0,False,False,32.9,75.0,2,True,0.02920513970775746,0
P1188,84,M,149.0,226.0,False,False,30.2,84.0,3,True,0.4825621768552879,0
P1189,38,F,99.0,279.0,False,False,30.9,82.0,1,False,0.0049933150216196764,0
P1190,74,F,154.0,288.0,False,False,37.4,79.0,0,False,0.09632894556964469,0
P1191,37,F,94.0,256.0,False,False,27.0,90.0,2,False,0.004706107479971181,0
P1192,42,F,132.0,163.0,False,False,26.9,73.0,0,False,0.003557575351140152,0
P1193,72,M,125.0,211.0,False,False,27.6,62.0,1,False,0.057303718369037596,1
P1194,65,F,127.0,244.0,False,False,33.5,71.0,1,True,0.06906498805931989,0
P1195,51,M,140.0,214.0,False,True,31.3,71.0,0,False,0.03531781458057895,0
P1196,44,F,131.0,149.0,False,False,23.0,66.0,0,False,0.0032660988275369954,0
P1197,80,M,130.0,231.0,False,False,23.3,55.0,2,True,0.23257652709497315,0
P1198,55,F,97.0,284.0,False,False,28.7,83.0,2,False,0.018022439546894135,0
P1199,33,M,123.0,262.0,False,True,29.3,83.0,1,True,0.03176279444517114,0
P1200,73,M,147.0,250.0,True,False,29.1,62.0,3,False,0.3643672974160981,0
P1201,59,M,113.0,218.0,False,False,29.5,78.0,3,False,0.04754972975248133,0
P1202,39,M,151.0,207.0,False,False,26.1,69.0,3,False,0.024518694739545134,0
P1203,71,M,156.0,230.0,True,True,29.8,69.0,0,False,0.2751136072057361,0
P1204,58,M,113.0,197.0,False,False,29.9,94.0,3,True,0.0778533286912893,0
P1205,57,M,148.0,198.0,True,True,23.0,93.0,0,False,0.08672871557644922,0
P1206,76,M,125.0,228.0,False,False,21.3,73.0,1,False,0.06693213136144249,0
P1207,52,M,155.0,284.0,True,True,28.1,69.0,2,False,0.23980323429989628,1
P1208,32,F,145.0,225.0,False,False,25.2,74.0,1,False,0.004813831908356197,0
P1209,74,M,171.0,230.0,False,False,20.5,83.0,1,False,0.12560883640346157,0
P1210,41,F,106.0,246.0,True,False,30.5,60.0,2,False,0.017047370230028985,0
P1211,58,F,130.0,274.0,False,False,28.9,75.0,1,False,0.02566570573186469,0
P1212,53,M,113.0,254.0,False,False,33.3,82.0,3,False,0.046091101330145094,0
P1213,79,M,133.0,187.0,False,False,26.8,74.0,1,False,0.08303423874921086,0
P1214,31,M,150.0,265.0,True,False,27.3,76.0,2,False,0.03402771036346286,0
P1215,43,M,128.0,240.0,False,False,20.5,56.0,0,False,0.007606888086481288,0
P1216,50,M,127.0,168.0,False,False,33.3,82.0,2,False,0.02138950481309393,0
P1217,62,F,135.0,205.0,False,False,29.8,64.0,1,False,0.02424809553081726,0
P1218,41,M,112.0,132.0,False,False,31.0,54.0,3,False,0.010369453869309434,0
P1219,64,F,130.0,189.0,False,False,25.9,51.0,1,False,0.020561377013716593,0
P1220,39,F,131.0,204.0,False,False,26.7,69.0,0,True,0.007566534812895871,0
P1221,79,F,143.0,234.0,False,False,28.5,75.0,2,False,0.11494011384638672,0
P1222,81,M,143.0,210.0,True,True,23.6,69.0,0,False,0.28762429597313366,1
P1223,35,F,118.0,212.0,True,False,23.5,89.0,3,False,0.014046476386955048,0
P1224,63,M,139.0,199.0,False,False,36.0,67.0,2,False,0.07252382462773485,1
P1225,74,M,142.0,236.0,False,False,28.5,55.0,0,False,0.07277430847919289,0
P1226,49,F,122.0,211.0,False,False,23.9,59.0,3,True,0.03093392778942101,0
P1227,67,F,134.0,239.0,False,False,20.6,88.0,1,False,0.029885139948389552,0
P1228,74,M,151.0,254.0,False,False,21.7,72.0,3,False,0.19426499280385343,0
P1229,77,F,141.0,248.0,False,False,28.4,72.0,0,False,0.05689825164767662,0
P1230,62,M,134.0,208.0,False,False,22.6,78.0,2,True,0.08699457878235728,0
P1231,63,F,128.0,156.0,False,False,22.1,66.0,1,False,0.01358266682519519,0
P1232,37,M,121.0,223.0,True,False,26.0,75.0,0,False,0.01106339817662164,0
P1233,54,M,140.0,163.0,False,False,28.6,60.0,3,False,0.04073954927271692,0
P1234,69,F,114.0,246.0,True,False,32.7,49.0,3,False,0.14088791108108353,0
P1235,73,M,147.0,262.0,False,False,23.2,68.0,0,False,0.0745493525051988,0
P1236,49,M,139.0,246.0,False,False,23.8,92.0,3,False,0.04199623740713771,0
P1237,45,F,127.0,252.0,False,False,28.6,70.0,3,False,0.01996998751152156,0
P1238,69,M,132.0,257.0,False,False,24.7,83.0,3,False,0.12357701583597976,0
P1239,33,M,134.0,174.0,False,False,30.7,45.0,2,False,0.008596684608645338,0
P1240,41,F,139.0,162.0,False,False,24.8,70.0,3,False,0.010204090637661395,0
P1241,71,F,129.0,142.0,False,False,20.9,87.0,0,False,0.014111385469581149,0
P1242,67,M,147.0,221.0,False,False,23.7,79.0,2,False,0.08301902483759561,0
P1243,74,F,148.0,237.0,False,False,19.9,54.0,1,False,0.05518825594302098,0
P1244,72,F,112.0,232.0,True,False,24.5,58.0,0,False,0.04559960711431229,0
P1245,75,M,150.0,219.0,True,False,29.1,65.0,0,False,0.16456726489934825,1
P1246,47,F,107.0,244.0,True,False,27.1,59.0,3,True,0.06097968519664483,0
P1247,54,F,133.0,223.0,False,False,26.4,78.0,2,False,0.02083621012779197,0
P1248,63,M,115.0,160.0,False,False,21.2,70.0,3,True,0.06854344188148039,0
P1249,70,M,150.0,170.0,False,False,23.5,82.0,1,False,0.05518561161264103,0
P1250,50,M,166.0,254.0,False,False,25.2,74.0,2,False,0.05465323760568559,0
P1251,69,F,132.0,236.0,False,False,28.0,63.0,3,False,0.07670299190462604,0
P1252,39,M,109.0,155.0,False,True,38.3,70.0,1,False,0.012405240028485616,0
P1253,45,F,103.0,254.0,True,False,23.8,62.0,2,False,0.017587975993447566,0
P1254,66,F,124.0,202.0,False,False,31.1,80.0,3,True,0.09802270237228279,0
P1255,72,F,159.0,261.0,False,False,21.7,70.0,1,False,0.07160352579985405,0
P1256,34,F,121.0,189.0,False,False,22.2,58.0,2,False,0.0037142173361338383,0
P1257,83,M,124.0,264.0,True,False,18.0,61.0,0,False,0.15774084284498568,0
P1258,73,M,140.0,247.0,False,False,23.4,67.0,2,True,0.20990514708682592,0
P1259,49,M,124.0,194.0,False,True,31.6,64.0,0,False,0.02118880532405426,0
P1260,65,M,148.0,200.0,False,False,26.8,86.0,0,False,0.037673853957575054,0
P1261,45,M,119.0,256.0,False,False,32.4,65.0,1,False,0.016243620806530815,0
P1262,36,F,128.0,218.0,False,False,24.6,67.0,0,True,0.005997263602849154,0
P1263,62,F,136.0,177.0,False,False,31.7,89.0,1,False,0.0221426635274646,0
P1264,79,M,122.0,188.0,True,False,24.4,81.0,2,False,0.17946161805294775,0
P1265,78,F,131.0,204.0,False,True,30.9,80.0,3,False,0.2024335336600169,0
P1266,34,F,140.0,198.0,False,False,34.2,81.0,3,False,0.01114987521401845,0
P1267,63,M,143.0,173.0,True,False,25.8,63.0,3,False,0.14278621203693875,0
P1268,34,F,123.0,264.0,False,False,20.8,69.0,0,False,0.002885603083800553,0
P1269,83,M,149.0,190.0,False,False,35.1,51.0,0,False,0.12519060865086262,0
P1270,52,F,107.0,174.0,False,False,22.9,77.0,3,False,0.011116460579896653,0
P1271,80,F,144.0,157.0,False,True,24.3,77.0,3,True,0.31039494649478094,0
P1272,58,M,141.0,207.0,False,False,25.5,66.0,0,False,0.02230426748620748,0
P1273,69,M,152.0,207.0,False,False,31.0,74.0,0,False,0.059767315399178254,0
P1274,30,M,134.0,228.0,False,False,30.0,80.0,3,True,0.026933686744643467,0
P1275,68,F,147.0,200.0,False,False,29.8,69.0,0,False,0.02948012717158108,0
P1276,62,F,146.0,213.0,True,False,25.6,77.0,3,False,0.11299336438294719,0
P1277,39,F,115.0,200.0,False,False,26.0,61.0,1,False,0.003801897741674617,0
P1278,54,M,154.0,211.0,False,False,30.6,61.0,3,False,0.07148407834384958,0
P1279,48,F,114.0,195.0,False,False,34.4,80.0,0,False,0.005666299538548754,0
P1280,31,F,124.0,179.0,False,False,21.3,57.0,3,False,0.00425050126501386,0
P1281,74,M,141.0,226.0,True,False,32.5,80.0,3,False,0.34240638679200464,0
P1282,67,F,160.0,256.0,True,True,31.2,77.0,1,False,0.2502533317393535,1
P1283,52,F,130.0,300.0,False,False,29.9,82.0,3,False,0.04250292766393428,0
P1284,46,M,139.0,170.0,False,False,23.8,70.0,1,True,0.022746627771292275,0
P1285,42,M,115.0,175.0,False,False,27.4,82.0,3,False,0.013383931415501682,0
P1286,71,M,161.0,214.0,False,False,28.7,87.0,1,False,0.10348727799797715,1
P1287,33,M,135.0,234.0,False,False,24.1,85.0,2,False,0.01015313249611462,0
P1288,58,F,159.0,222.0,False,False,32.3,82.0,0,False,0.024811563533255466,0
P1289,42,F,121.0,185.0,False,False,24.8,63.0,0,False,0.0031828808590421078,0
P1290,34,F,135.0,233.0,True,False,33.9,63.0,2,False,0.019329267623334707,0
P1291,61,F,148.0,167.0,False,False,20.2,79.0,3,False,0.034767866269902595,0
P1292,45,M,145.0,195.0,False,False,20.8,59.0,2,False,0.017931795216338142,0
P1293,80,M,160.0,193.0,False,False,18.5,66.0,2,False,0.15187100165449832,0
P1294,69,F,145.0,182.0,False,False,30.2,62.0,0,False,0.027684077190777947,0
P1295,51,F,149.0,164.0,False,False,22.9,61.0,2,False,0.014806419785451977,0
P1296,84,F,111.0,200.0,False,False,23.3,81.0,0,False,0.033181038565458607,0
P1297,73,F,140.0,194.0,True,False,31.1,85.0,1,False,0.10317289655034625,0
P1298,57,F,122.0,159.0,False,False,34.8,66.0,1,False,0.012852849005568686,0
P1299,37,F,141.0,152.0,False,False,23.6,75.0,1,False,0.0037186171803757118,0
P1300,34,F,119.0,176.0,False,False,33.1,78.0,1,False,0.0032206233051146737,0
P1301,75,F,157.0,236.0,False,False,29.4,66.0,2,False,0.12151965710122992,1
P1302,55,M,136.0,170.0,True,False,26.9,70.0,3,True,0.1570744961538394,0
P1303,81,F,166.0,235.0,True,False,21.6,56.0,3,False,0.3653916438091977,0
P1304,56,F,147.0,212.0,True,False,20.6,57.0,0,True,0.05164079385572864,0
P1305,57,F,135.0,229.0,True,False,27.2,65.0,1,False,0.042608273820888345,0
P1306,75,M,154.0,161.0,True,False,27.6,65.0,2,False,0.22338024389565206,0
P1307,55,M,134.0,180.0,False,False,23.8,72.0,1,False,0.01899553493805263,0
P1308,58,F,129.0,234.0,False,False,22.5,78.0,1,False,0.016723596877228068,0
P1309,79,M,156.0,289.0,True,False,21.0,95.0,1,False,0.32293729624172396,0
P1310,43,F,151.0,184.0,False,False,28.6,51.0,1,False,0.00891622129578519,1
P1311,42,M,139.0,146.0,False,False,30.0,51.0,1,False,0.009421501132424973,0
P1312,81,F,138.0,232.0,False,True,30.2,81.0,0,False,0.12273393183203692,0
P1313,80,M,162.0,271.0,False,True,29.7,57.0,3,False,0.5429953591095038,1
P1314,84,M,140.0,229.0,False,False,24.5,83.0,2,False,0.1902129401721276,1
P1315,80,M,104.0,197.0,False,False,34.2,70.0,3,False,0.13271137930023694,0
P1316,31,M,105.0,178.0,False,False,22.4,80.0,1,False,0.002566834103691555,0
P1317,82,M,153.0,258.0,False,False,29.5,81.0,1,False,0.20462052509501327,1
P1318,38,F,102.0,292.0,False,False,25.1,72.0,2,False,0.0067956146751299296,0
P1319,79,M,151.0,271.0,False,False,21.9,59.0,2,True,0.33973023335893,0
P1320,67,M,159.0,239.0,False,False,24.0,72.0,1,False,0.0809817376993793,0
P1321,58,M,135.0,230.0,False,False,29.4,54.0,0,True,0.04995706929742587,0
P1322,54,M,140.0,208.0,False,False,31.9,70.0,1,False,0.029379647232726826,0
P1323,67,F,137.0,221.0,False,False,28.4,93.0,2,False,0.04995269462237397,1
P1324,65,F,104.0,212.0,False,False,16.0,62.0,1,False,0.011760282870708398,0
P1325,59,M,140.0,149.0,True,False,30.3,63.0,2,False,0.07966501450655375,0
P1326,34,M,110.0,119.0,False,False,17.4,49.0,2,False,0.0028570754500181306,0
P1327,46,M,133.0,225.0,True,False,35.6,76.0,0,False,0.031036370867347535,0
P1328,39,F,95.0,199.0,True,False,27.9,70.0,1,False,0.0061812150135543585,0
P1329,84,F,154.0,199.0,False,False,27.6,81.0,3,False,0.1938150204041182,0
P1330,76,F,155.0,226.0,False,True,31.5,64.0,0,False,0.12264363934072499,0
P1331,31,M,140.0,208.0,True,False,25.7,58.0,0,False,0.009921520559227237,0
P1332,64,M,143.0,179.0,False,False,25.8,77.0,3,True,0.14106622222869503,1
P1333,43,M,107.0,164.0,False,False,25.2,68.0,1,False,0.00541186139038548,0
P1334,57,M,136.0,238.0,True,False,27.5,70.0,2,False,0.10045829722583634,0
P1335,81,M,120.0,187.0,False,False,27.3,87.0,0,False,0.054994951306631124,0
P1336,62,F,110.0,218.0,True,False,28.0,80.0,1,False,0.0350096687015908,0
P1337,82,F,154.0,223.0,False,False,16.0,80.0,0,False,0.0572814150371464,0
P1338,47,F,138.0,196.0,True,False,26.5,59.0,3,False,0.039630676441151855,0
P1339,45,M,131.0,197.0,False,False,19.8,87.0,1,False,0.009773119330147892,0
P1340,76,M,165.0,217.0,False,False,39.3,57.0,3,False,0.3189577544456324,1
P1341,84,M,164.0,219.0,False,False,30.6,89.0,0,False,0.16868039873438878,0
P1342,66,M,149.0,174.0,False,False,31.2,61.0,3,True,0.19209316642961702,1
P1343,74,M,121.0,211.0,False,False,29.1,69.0,3,False,0.11833587206195678,0
P1344,52,M,122.0,232.0,False,False,30.0,50.0,3,False,0.04079888989392019,0
P1345,72,F,147.0,274.0,False,False,22.9,71.0,2,False,0.08957387137743414,0
P1346,39,M,103.0,254.0,False,False,30.5,54.0,3,False,0.01580587146626224,0
P1347,61,F,119.0,128.0,True,False,30.8,71.0,0,False,0.017752305857174237,0
P1348,70,M,120.0,252.0,False,False,27.8,72.0,3,False,0.11331230747909501,0
P1349,51,F,121.0,209.0,False,False,30.5,88.0,3,False,0.02091267959843302,0
P1350,45,F,131.0,169.0,False,False,31.8,89.0,3,False,0.014123798412573288,0
P1351,30,F,137.0,193.0,False,True,27.0,73.0,3,False,0.013019417086079373,0
P1352,55,M,135.0,256.0,False,False,21.9,74.0,3,False,0.05508030838914906,0
P1353,50,F,126.0,215.0,True,False,30.7,71.0,0,False,0.01736092856763316,0
P1354,66,F,125.0,200.0,False,False,33.9,84.0,0,True,0.03966702323637519,0
P1355,50,F,151.0,182.0,False,False,21.6,76.0,2,False,0.015360716819720076,0
P1356,69,F,146.0,209.0,False,False,32.2,65.0,3,False,0.0940072847365091,0
P1357,34,F,132.0,192.0,False,False,28.2,82.0,2,False,0.005517881886648501,0
P1358,84,M,136.0,188.0,True,False,29.8,75.0,2,False,0.3084001911686931,1
P1359,34,F,102.0,144.0,False,False,30.8,66.0,2,False,0.002640489819839903,0
P1360,49,M,134.0,174.0,False,False,22.2,64.0,3,True,0.04747487586786232,0
P1361,44,M,129.0,215.0,False,False,28.3,72.0,1,False,0.012656778286051712,0
P1362,73,M,163.0,138.0,False,False,31.6,67.0,2,False,0.1171475471951292,0
P1363,57,F,125.0,176.0,False,False,33.4,66.0,3,False,0.028478934864748173,0
P1364,71,M,140.0,301.0,True,False,30.9,77.0,1,False,0.24010125390459466,0
P1365,72,F,136.0,236.0,False,False,22.8,78.0,1,False,0.04358741322016968,0
P1366,65,F,155.0,281.0,False,False,27.9,73.0,3,True,0.20820520635323342,1
P1367,62,M,126.0,250.0,True,False,25.9,97.0,2,False,0.11408072136078955,0
P1368,58,F,147.0,249.0,False,False,27.3,82.0,3,True,0.10756642334865966,0
P1369,59,M,135.0,239.0,True,False,32.0,75.0,2,False,0.12596092339083792,0
P1370,72,M,152.0,198.0,False,False,20.7,63.0,1,False,0.07011400302649748,0
P1371,73,M,165.0,226.0,False,False,29.4,64.0,1,False,0.1333842606561286,1
P1372,55,M,141.0,265.0,False,False,29.0,87.0,2,False,0.05712415298524198,1
P1373,76,M,175.0,229.0,False,False,22.6,72.0,1,False,0.15600434060731802,0
P1374,31,F,125.0,191.0,True,False,32.1,78.0,2,False,0.009977777935881163,0
P1375,54,M,106.0,208.0,False,False,24.4,87.0,2,False,0.01825027946754283,0
P1376,67,F,147.0,268.0,False,False,27.2,63.0,3,False,0.101722838353035,0
P1377,63,M,135.0,168.0,True,False,16.0,69.0,3,True,0.17445166007958157,1
P1378,52,F,119.0,277.0,True,False,32.1,67.0,2,False,0.050811681709695466,0
P1379,80,M,146.0,212.0,False,False,25.7,66.0,0,False,0.08736997003907995,0
P1380,33,M,107.0,195.0,False,True,25.6,58.0,3,False,0.014629162734649644,0
P1381,34,M,127.0,186.0,False,False,33.6,67.0,1,False,0.006671491272954147,0
P1382,55,M,138.0,217.0,False,False,18.3,66.0,1,False,0.02126462536939895,0
P1383,63,M,152.0,218.0,True,False,30.9,66.0,0,False,0.09413730375978088,0
P1384,52,M,141.0,224.0,False,False,31.8,64.0,1,True,0.05746329218383381,0
P1385,72,M,153.0,203.0,False,False,18.0,88.0,1,False,0.06793681322301542,0
P1386,65,M,119.0,175.0,False,False,28.2,76.0,2,False,0.04004670455758929,0
P1387,53,F,128.0,187.0,False,False,25.3,61.0,0,False,0.007069722702435495,0
P1388,45,M,98.0,171.0,False,False,22.3,77.0,2,False,0.00704474771579414,0
P1389,71,F,152.0,166.0,False,False,21.2,71.0,0,False,0.02456546762940627,0
P1390,56,F,134.0,227.0,True,False,30.3,58.0,2,False,0.05909606639591769,0
P1391,76,F,150.0,235.0,False,False,32.3,83.0,3,False,0.16569247179687474,0
P1392,41,M,124.0,140.0,False,False,21.9,77.0,1,False,0.005091825326240858,0
P1393,72,F,148.0,176.0,False,False,22.7,72.0,0,False,0.026919246110603673,0
P1394,68,F,111.0,252.0,True,False,30.7,78.0,2,False,0.090816854388873,0
P1395,59,F,141.0,232.0,False,False,38.0,87.0,2,False,0.04710558275826116,0
P1396,82,M,176.0,266.0,False,False,19.9,98.0,2,False,0.3037496030599443,0
P1397,69,F,147.0,184.0,False,False,20.4,67.0,1,False,0.0307524561126898,0
P1398,80,M,142.0,137.0,False,False,22.1,90.0,1,False,0.06735012112710502,0
P1399,69,F,162.0,155.0,False,True,22.1,76.0,3,False,0.12798312641515353,0
P1400,45,M,132.0,218.0,True,False,32.3,75.0,2,False,0.04959661294389745,0
P1401,51,M,137.0,162.0,False,False,22.3,71.0,3,False,0.02652097330070976,0
P1402,78,M,177.0,272.0,False,False,37.3,87.0,2,False,0.3781672840095317,1
P1403,31,F,126.0,201.0,False,False,29.1,65.0,0,False,0.002229183579492414,0
P1404,80,F,139.0,236.0,False,False,31.7,81.0,0,True,0.12445069577970395,0
P1405,82,M,137.0,244.0,False,False,29.9,83.0,3,False,0.265206743107741,1
P1406,76,F,163.0,258.0,True,False,22.3,75.0,0,True,0.24805889912032542,0
P1407,55,M,109.0,215.0,True,False,20.6,67.0,1,False,0.02950604428965648,0
P1408,67,M,133.0,229.0,False,False,31.4,91.0,2,False,0.08458500206893464,0
P1409,46,M,118.0,140.0,False,False,32.7,67.0,0,True,0.011994841832576151,1
P1410,39,M,138.0,164.0,False,False,29.0,81.0,3,False,0.0167448676070536,0
P1411,43,F,123.0,222.0,False,False,27.1,73.0,2,False,0.009213814554742558,0
P1412,79,F,150.0,225.0,False,False,27.5,65.0,2,True,0.21619662715453325,0
P1413,51,M,103.0,195.0,False,False,28.1,86.0,3,False,0.02105601751174445,0
P1414,69,M,134.0,189.0,True,False,20.8,69.0,0,True,0.11882112955526755,0
P1415,61,F,136.0,238.0,False,False,27.3,59.0,3,False,0.05214817607600831,0
P1416,84,M,150.0,230.0,False,False,27.1,77.0,3,True,0.46715126246870026,0
P1417,58,M,135.0,198.0,True,True,18.8,59.0,0,True,0.12475563575170016,0
P1418,54,M,141.0,282.0,False,False,16.0,67.0,1,False,0.02926495740322766,0
P1419,51,M,134.0,199.0,False,False,25.9,77.0,3,False,0.035097271669976685,0
P1420,67,F,160.0,190.0,False,True,17.6,74.0,1,False,0.06374751942339235,0
P1421,34,F,113.0,246.0,True,False,16.2,63.0,0,False,0.004127947914003804,0
P1422,83,F,148.0,188.0,True,False,19.0,83.0,2,False,0.1876340590263847,0
P1423,83,M,143.0,197.0,False,False,27.9,78.0,3,False,0.23447145998394023,0
P1424,35,F,144.0,216.0,True,False,26.8,56.0,0,False,0.00891494659132626,0
P1425,30,F,137.0,260.0,False,False,27.4,61.0,2,False,0.006974979589782444,0
P1426,78,F,127.0,204.0,False,False,34.9,93.0,1,False,0.06140302953238552,0
P1427,80,M,129.0,148.0,False,False,29.4,64.0,2,False,0.09768438186499001,0
P1428,55,M,147.0,252.0,False,False,34.2,81.0,3,True,0.17064253918855327,1
P1429,31,F,134.0,201.0,False,False,27.9,73.0,0,False,0.0024826115659100593,0
P1430,35,M,129.0,237.0,True,False,32.0,83.0,3,True,0.07920740235430346,0
P1431,57,M,112.0,230.0,False,True,34.3,62.0,1,False,0.05155382109296631,1
P1432,82,M,141.0,268.0,False,False,36.3,75.0,2,False,0.27592323274301545,0
P1433,73,M,134.0,222.0,False,False,26.0,68.0,0,False,0.052047143909655626,0
P1434,31,M,115.0,137.0,False,False,21.4,73.0,3,True,0.00928794348899836,0
P1435,66,M,137.0,212.0,False,False,27.3,77.0,3,False,0.09587292141700329,0
P1436,74,F,120.0,274.0,False,True,33.3,77.0,2,False,0.15868660174447474,0
P1437,68,F,131.0,279.0,False,False,34.4,65.0,0,True,0.07764022942837683,0
P1438,53,M,124.0,253.0,False,False,27.6,68.0,0,False,0.016981486152516465,0
P1439,35,M,90.0,211.0,True,False,28.7,58.0,1,False,0.008077562768078608,0
P1440,70,F,167.0,178.0,False,False,34.4,75.0,0,False,0.04751285827754183,0
P1441,77,F,171.0,275.0,True,False,27.8,77.0,0,False,0.21072846802441936,0
P1442,60,M,123.0,177.0,True,False,30.2,68.0,0,False,0.03824937627981165,0
P1443,65,M,131.0,216.0,False,False,31.3,75.0,2,True,0.1281054931392949,0
P1444,35,F,113.0,194.0,True,False,26.0,91.0,0,False,0.004390588468809725,0
P1445,81,M,137.0,240.0,False,False,23.0,58.0,3,False,0.21381545863487825,1
P1446,49,M,138.0,230.0,False,True,38.5,86.0,0,False,0.04084567268202373,0
P1447,84,M,134.0,324.0,False,False,24.3,61.0,2,False,0.27203149296805806,0
P1448,38,F,137.0,259.0,False,False,22.0,90.0,0,False,0.004713240178092899,0
P1449,71,F,152.0,215.0,False,False,25.8,69.0,0,False,0.03734524796492719,0
P1450,71,M,142.0,208.0,False,False,27.7,77.0,2,False,0.09895518251626455,0
P1451,74,M,174.0,177.0,False,False,28.4,92.0,1,False,0.12124956192298196,0
P1452,44,M,139.0,235.0,False,False,25.5,65.0,2,False,0.022023141539194675,0
P1453,82,F,144.0,159.0,True,False,29.3,84.0,3,False,0.2458350000877452,0
P1454,52,F,128.0,156.0,False,False,35.0,71.0,2,False,0.01483664792166177,0
P1455,69,F,159.0,213.0,False,False,25.5,84.0,3,False,0.09817089937718294,0
P1456,34,M,109.0,211.0,False,False,27.2,78.0,0,False,0.003229103242685644,0
P1457,63,F,122.0,199.0,False,False,33.5,71.0,2,False,0.03131259276240193,0
P1458,44,M,139.0,231.0,False,False,22.3,53.0,2,False,0.01944995092814999,0
P1459,58,M,146.0,197.0,False,True,21.4,77.0,0,False,0.04008211522249832,0
P1460,70,M,131.0,269.0,False,False,23.8,76.0,0,False,0.05091983012777334,0
P1461,58,M,164.0,229.0,False,False,26.5,78.0,3,False,0.10301173818484678,0
P1462,33,F,114.0,189.0,False,False,31.2,74.0,3,False,0.005700300280510981,0
P1463,65,M,155.0,183.0,False,False,19.3,67.0,0,False,0.030880163312995222,0
P1464,49,F,137.0,273.0,False,False,23.9,66.0,0,False,0.010445888679463701,0
P1465,64,F,127.0,199.0,False,False,21.8,59.0,0,False,0.012793344750326287,0
P1466,67,M,139.0,161.0,False,False,19.6,60.0,2,False,0.04570744921676665,0
P1467,30,M,90.0,225.0,False,False,21.0,78.0,2,False,0.0033003339682489766,0
P1468,45,F,142.0,187.0,False,False,30.5,72.0,2,True,0.02622411604594814,0
P1469,38,M,124.0,289.0,False,False,27.5,54.0,2,False,0.017428780168827138,0
P1470,68,F,156.0,198.0,False,False,27.7,77.0,1,False,0.0449584120509922,0
P1471,52,M,119.0,162.0,False,False,29.9,64.0,0,False,0.009228454561910793,0
P1472,35,M,119.0,149.0,False,False,29.0,77.0,2,False,0.005995283568991123,0
P1473,45,M,107.0,137.0,False,False,29.0,76.0,1,False,0.005784022095550184,0
P1474,82,F,139.0,249.0,False,False,35.9,83.0,3,False,0.21832266966680872,0
P1475,67,F,152.0,284.0,False,False,30.1,81.0,2,False,0.09632907522360083,0
P1476,51,F,139.0,219.0,False,False,16.0,68.0,3,False,0.019776779751459986,0
P1477,84,F,171.0,213.0,False,False,29.7,66.0,3,False,0.2743607475601248,1
P1478,67,M,157.0,178.0,False,False,31.5,66.0,2,False,0.09467802708837063,0
P1479,44,M,129.0,235.0,False,True,29.3,88.0,2,False,0.04107899965924599,0
P1480,38,M,90.0,160.0,False,False,24.2,59.0,3,False,0.005627794157436748,0
P1481,74,F,167.0,199.0,False,False,22.2,68.0,1,False,0.06511070542795774,0
P1482,47,M,132.0,197.0,False,False,27.2,78.0,0,False,0.009793697627134185,0
P1483,50,M,178.0,250.0,True,False,30.2,60.0,1,False,0.11410492642329295,1
P1484,43,M,155.0,235.0,False,False,31.1,62.0,1,False,0.022792117575533007,0
P1485,69,F,152.0,269.0,False,False,18.3,57.0,3,False,0.09740646089482037,1
P1486,38,F,127.0,288.0,True,False,28.6,76.0,2,False,0.025159610772085905,0
P1487,34,F,117.0,198.0,False,False,33.0,58.0,3,False,0.007090773772757085,0
P1488,62,M,122.0,287.0,False,False,30.6,57.0,0,False,0.03680355235201583,0
P1489,64,M,130.0,273.0,True,False,39.0,82.0,2,False,0.20889778605568748,1
P1490,65,F,139.0,226.0,False,False,23.7,52.0,3,False,0.057711912698941874,0
P1491,58,M,119.0,266.0,False,True,21.3,66.0,3,False,0.10000526850786415,0
P1492,43,F,122.0,246.0,True,False,31.2,72.0,1,False,0.018395289017566718,0
P1493,75,M,162.0,282.0,False,False,34.1,66.0,1,False,0.20838834675998905,0
P1494,83,F,135.0,134.0,True,False,22.3,67.0,2,False,0.12728695447300536,0
P1495,36,M,119.0,172.0,True,False,27.2,77.0,1,False,0.010852074295253915,0
P1496,46,F,124.0,162.0,True,False,28.1,62.0,2,True,0.03527769428046278,0
P1497,58,M,137.0,224.0,False,False,29.0,78.0,3,True,0.1308208374157373,0
P1498,52,M,117.0,221.0,False,False,32.9,76.0,1,False,0.01957355681191328,0
P1499,77,F,140.0,176.0,True,False,38.0,65.0,1,False,0.13926237296441193,0
